CREATE DATABASE  IF NOT EXISTS `kdrama_db` /*!40100 DEFAULT CHARACTER SET utf8mb3 */ /*!80016 DEFAULT ENCRYPTION='N' */;
USE `kdrama_db`;
-- MySQL dump 10.13  Distrib 8.0.43, for macos15 (arm64)
--
-- Host: localhost    Database: kdrama_db
-- ------------------------------------------------------
-- Server version	9.4.0

/*!40101 SET @OLD_CHARACTER_SET_CLIENT=@@CHARACTER_SET_CLIENT */;
/*!40101 SET @OLD_CHARACTER_SET_RESULTS=@@CHARACTER_SET_RESULTS */;
/*!40101 SET @OLD_COLLATION_CONNECTION=@@COLLATION_CONNECTION */;
/*!50503 SET NAMES utf8 */;
/*!40103 SET @OLD_TIME_ZONE=@@TIME_ZONE */;
/*!40103 SET TIME_ZONE='+00:00' */;
/*!40014 SET @OLD_UNIQUE_CHECKS=@@UNIQUE_CHECKS, UNIQUE_CHECKS=0 */;
/*!40014 SET @OLD_FOREIGN_KEY_CHECKS=@@FOREIGN_KEY_CHECKS, FOREIGN_KEY_CHECKS=0 */;
/*!40101 SET @OLD_SQL_MODE=@@SQL_MODE, SQL_MODE='NO_AUTO_VALUE_ON_ZERO' */;
/*!40111 SET @OLD_SQL_NOTES=@@SQL_NOTES, SQL_NOTES=0 */;

--
-- Table structure for table `cast_name`
--

DROP TABLE IF EXISTS `cast_name`;
/*!40101 SET @saved_cs_client     = @@character_set_client */;
/*!50503 SET character_set_client = utf8mb4 */;
CREATE TABLE `cast_name` (
  `cast_name_id` int NOT NULL,
  `first_name` varchar(15) DEFAULT NULL,
  `last_name` varchar(10) DEFAULT NULL,
  PRIMARY KEY (`cast_name_id`)
) ENGINE=InnoDB DEFAULT CHARSET=utf8mb3;
/*!40101 SET character_set_client = @saved_cs_client */;

--
-- Dumping data for table `cast_name`
--

LOCK TABLES `cast_name` WRITE;
/*!40000 ALTER TABLE `cast_name` DISABLE KEYS */;
INSERT INTO `cast_name` VALUES (1,'Bo-Hyun','Ahn'),(2,'Dong-Goo','Ahn'),(3,'Eun-Jin','Ahn'),(4,'Hyo-Seop','Ahn'),(5,'Jae-Hong','Ahn'),(6,'Jae-Hyun','Ahn'),(7,'Jae-Wook','Ahn'),(8,'Ji-Ho','Ahn'),(9,'Kil-Kang','Ahn'),(10,'Nae-Sang','Ahn'),(11,'Se-Ha','Ahn'),(12,'Se-Ho','Ahn'),(13,'Seung-Gyun','Ahn'),(14,'So-Hee','Ahn'),(15,'Suk-Hwan','Ahn'),(16,'Woo-Yeon','Ahn'),(17,'Tripathi','Anupam'),(18,'Doo-Na','Bae'),(19,'Hae-Seon','Bae'),(20,'Hyun-Sung','Bae'),(21,'In-Hyuk','Bae'),(22,'Jong-Ok','Bae'),(23,'Soo-Bin','Bae'),(24,'Sung-Woo','Bae'),(25,'Suzy','Bae'),(26,'Yoon-Kyung','Bae'),(27,'Eun-Hye','Baek'),(28,'Hyun-Jin','Baek'),(29,'Ji-Won','Baek'),(30,'Jin-Hee','Baek'),(31,'Sung-Hyun','Baek'),(32,'Yoon-Shik','Baek'),(33,'A-Ra','Baro'),(34,'Kyu-Jin','Bona'),(35,'Tae-Kyu','Bong'),(36,'Baek-Hyun','Byun'),(37,'Yo-Han','Byun'),(38,'Eun-Woo','Cha'),(39,'Hak-Yeon','Cha'),(40,'Hwa-Yun','Cha'),(41,'Ji-Yeon','Cha'),(42,'Seung-Won','Cha'),(43,'Shi-Won','Cha'),(44,'Soo-Yeon','Cha'),(45,'Tae-Hyun','Cha'),(46,'Gook-Hee','Chae'),(47,'Jong-Hyeop','Chae'),(48,'Jung-An','Chae'),(49,'Soo-Bin','Chae'),(50,'Byeong-Kyu','Cho'),(51,'Hye-Jung','Cho'),(52,'Seung-Woo','Cho'),(53,'Yeo-Jung','Cho'),(54,'Chan-Yi','Choe'),(55,'A-Ra','Choi'),(56,'Byung-Chan','Choi'),(57,'Byung-Mo','Choi'),(58,'Dae-Hoon','Choi'),(59,'Hyun-Jin','Choi'),(60,'Hyun-Suk','Choi'),(61,'Hyun-Wook','Choi'),(62,'Ja-Hye','Choi'),(63,'Jae-Woong','Choi'),(64,'Jin-Ho','Choi'),(65,'Jin-Hyuk','Choi'),(66,'Jung-Woo','Choi'),(67,'Kwang','Choi'),(68,'Kyu-Jin','Choi'),(69,'Min-Soo','Choi'),(70,'Moo-Sung','Choi'),(71,'Ri','Choi'),(72,'Si-Won','Choi'),(73,'Soo-Young','Choi'),(74,'Sung-Eun','Choi'),(75,'Tae-Joon','Choi'),(76,'Won-Young','Choi'),(77,'Woo-Shik','Choi'),(78,'Yoo-Hwa','Choi'),(79,'Yoon-So','Choi'),(80,'Yoon-Young','Choi'),(81,'Ja-Hyun','Choo'),(82,'Ho-Jin','Chun'),(83,'Woo-Hee','Chun'),(84,'Ah-Sung','Dawon'),(85,'Ji-Won','Do'),(86,'Kyung-Soo','Doh'),(87,'Ha','Dong'),(88,'Ji-Eun','Esom'),(89,'Eugene','Lau'),(90,'Ji-Won','Eun'),(91,'Deuk-Hee','Ga'),(92,'Sae-Rok','Geum'),(93,'Eun-Hye','Gil'),(94,'Ah-Sung','Go'),(95,'Bo-Gyeol','Go'),(96,'Doo-Shim','Go'),(97,'Geon-Han','Go'),(98,'Gyu-Pil','Go'),(99,'Hyun-Jung','Go'),(100,'Jun','Go'),(101,'Kyung-Pyo','Go'),(102,'Min-Si','Go'),(103,'Na-Hee','Go'),(104,'Soo','Go'),(105,'Sung-Hee','Go'),(106,'Won-Hee','Go'),(107,'Woo-Jin','Go'),(108,'Yoon-Jung','Go'),(109,'Hyo-Jin','Gong'),(110,'Jung-Hwan','Gong'),(111,'Myung','Gong'),(112,'Seung-Yeon','Gong'),(113,'Yoo','Gong'),(114,'Ji-Won','Ha'),(115,'Joon','Ha'),(116,'Kyu-Won','Ha'),(117,'Seok-Jin','Ha'),(118,'Sung-Kwang','Ha'),(119,'Bo-Reum','Han'),(120,'Chae-Ah','Han'),(121,'Eun-Seo','Han'),(122,'Ga-In','Han'),(123,'Hye-Jin','Han'),(124,'Hyo-Joo','Han'),(125,'Ji-Eun','Han'),(126,'Ji-Min','Han'),(127,'Seok-Kyu','Han'),(128,'Seung-Yeon','Han'),(129,'So-Eun','Han'),(130,'So-Hee','Han'),(131,'Sun-Hwa','Han'),(132,'Ye-Ri','Han'),(133,'Henry','Lau'),(134,'Joon-Ho','Heo'),(135,'Jung-Do','Heo'),(136,'Jung-Min','Heo'),(137,'Sung-Tae','Heo'),(138,'Yool','Heo'),(139,'Bi-Ra','Hong'),(140,'Jong-Hyun','Hong'),(141,'Jung-Min','Hong'),(142,'Kyung','Hong'),(143,'Ri-Na','Hong'),(144,'Seung-Hee','Hong'),(145,'Soo-Hyun','Hong'),(146,'Kyu-Won','Hoya'),(147,'Geum-Byul','Hwang'),(148,'Hee','Hwang'),(149,'Hyun-Min','Hwang'),(150,'In-Youp','Hwang'),(151,'Jung-Eum','Hwang'),(152,'Sun-Hee','Hwang'),(153,'Young-Hee','Hwang'),(154,'Bin','Hyun'),(155,'Woo','Hyun'),(156,'Chul-Hyung','Im'),(157,'Ho','Im'),(158,'Hwa-Young','Im'),(159,'Ji-Yeon','Im'),(160,'Joo-Hwan','Im'),(161,'Ju-Eun','Im'),(162,'Se-Mi','Im'),(163,'Si-Wan','Im'),(164,'Soo-Hyang','Im'),(165,'Soo-Jung','Im'),(166,'Sung-Eon','Im'),(167,'Tae-Kyung','Im'),(168,'Won-Hee','Im'),(169,'Yoon-Ah','Im'),(170,'Gyo-Jin','In'),(171,'I-U','Lee'),(172,'Dong-Gun','Jang'),(173,'Dong-Yoon','Jang'),(174,'Gwang','Jang'),(175,'Hee-Jin','Jang'),(176,'Hye-Jin','Jang'),(177,'Hyuk','Jang'),(178,'Hyuk-Jin','Jang'),(179,'Hyun-Sung','Jang'),(180,'Ki-Yong','Jang'),(181,'Na-Ra','Jang'),(182,'Seung-Jo','Jang'),(183,'Yong','Jang'),(184,'Yool','Jang'),(185,'Yoon-Ju','Jang'),(186,'Young-Nam','Jang'),(187,'Bae-Soo','Jeon'),(188,'Chae-Eun','Jeon'),(189,'Do-Yeon','Jeon'),(190,'Hye-Bin','Jeon'),(191,'Hye-Jin','Jeon'),(192,'Hyo-Sung','Jeon'),(193,'Jin-Seo','Jeon'),(194,'Jong-Seo','Jeon'),(195,'Kwang-Ryul','Jeon'),(196,'Mi-Do','Jeon'),(197,'Noh-Min','Jeon'),(198,'Sung-Woo','Jeon'),(199,'Yeo-Been','Jeon'),(200,'Yu-Na','Jeon'),(201,'Chang-Wook','Ji'),(202,'Hye-Won','Ji'),(203,'Hyun-Woo','Ji'),(204,'Jin-Hee','Ji'),(205,'Seung-Hyun','Ji'),(206,'Sung','Ji'),(207,'Woo','Ji'),(208,'Goo','Jin'),(209,'Ha','Jin'),(210,'Hee-Kyung','Jin'),(211,'Ki-Joo','Jin'),(212,'Kyung','Jin'),(213,'Se-Yeon','Jin'),(214,'Seon-Kyu','Jin'),(215,'Bo-Ah','Jo'),(216,'Dong-Hyuk','Jo'),(217,'Dong-In','Jo'),(218,'Han-Chul','Jo'),(219,'Hee-Bong','Jo'),(220,'Hyun-Chul','Jo'),(221,'Hyun-Jae','Jo'),(222,'In-Sung','Jo'),(223,'Jae-Yoon','Jo'),(224,'Jin-Woong','Jo'),(225,'Jung-Suk','Jo'),(226,'Mi-Ryung','Jo'),(227,'Min-Ah','Jo'),(228,'Min-Ki','Jo'),(229,'Seung-Woo','Jo'),(230,'Sung-Ha','Jo'),(231,'Wan-Ki','Jo'),(232,'Woo-Jin','Jo'),(233,'Yi-Hyun','Jo'),(234,'Yoon-Hee','Jo'),(235,'Yun-Hee','Jo'),(236,'Ji-Hoon','Joo'),(237,'Jin-Mo','Joo'),(238,'Jong-Hyuk','Joo'),(239,'Min-Kyung','Joo'),(240,'Sang-Wook','Joo'),(241,'Seok-Tae','Joo'),(242,'Won','Joo'),(243,'Ji-Hyun','Jun'),(244,'Suk-Ho','Jun'),(245,'Chae-Yeon','Jung'),(246,'Da-Bin','Jung'),(247,'Da-Eun','Jung'),(248,'Dong-Gyu','Jung'),(249,'Eugene','Jung'),(250,'Eui-Wook','Jung'),(251,'Eun-Chae','Jung'),(252,'Eun-Ji','Jung'),(253,'Gun-Joo','Jung'),(254,'Gyu-Woon','Jung'),(255,'Hae-In','Jung'),(256,'Ho-Yeon','Jung'),(257,'Hye-Sung','Jung'),(258,'Il-Woo','Jung'),(259,'In-Ki','Jung'),(260,'In-Sun','Jung'),(261,'Jae-Young','Jung'),(262,'Jin-Young','Jung'),(263,'Joon','Jung'),(264,'Joon-Ho','Jung'),(265,'Kyung-Ho','Jung'),(266,'Min-Ah','Jung'),(267,'Sang-Hoon','Jung'),(268,'So-Min','Jung'),(269,'Suk-Yong','Jung'),(270,'Woo','Jung'),(271,'Woong-In','Jung'),(272,'Yi-Seo','Jung'),(273,'Yong-Hwa','Jung'),(274,'Yoo-Mi','Jung'),(275,'Young-Joo','Jung'),(276,'Yu-Mi','Jung'),(277,'Byul','Kang'),(278,'Daniel','Kang'),(279,'Ha-Neul','Kang'),(280,'Han-Na','Kang'),(281,'Hong-Suk','Kang'),(282,'Hoon','Kang'),(283,'Hye-Won','Kang'),(284,'Ki-Young','Kang'),(285,'Mal-Geum','Kang'),(286,'Min-Ah','Kang'),(287,'Seung-Hyun','Kang'),(288,'Seung-Yoon','Kang'),(289,'Shin-Il','Kang'),(290,'So-Ra','Kang'),(291,'Tae-Oh','Kang'),(292,'Ye-Won','Kang'),(293,'Yoo-Seok','Kang'),(294,'Erika','Karata'),(295,'Ki-Young','Key'),(296,'Hae-Yeon','Kil'),(297,'Ah-Joong','Kim'),(298,'Bo-Mi','Kim'),(299,'Bo-Ra','Kim'),(300,'Bum','Kim'),(301,'Byung-Chul','Kim'),(302,'Byung-Ok','Kim'),(303,'Chan-Yi','Kim'),(304,'Chang-Wan','Kim'),(305,'Da-Mi','Kim'),(306,'Da-Som','Kim'),(307,'Dae-Myung','Kim'),(308,'Do-Hyun','Kim'),(309,'Do-Wan','Kim'),(310,'Dong-Hee','Kim'),(311,'Dong-Wook','Kim'),(312,'Eui-Sung','Kim'),(313,'Ga-Eun','Kim'),(314,'Gab-Soo','Kim'),(315,'Go-Eun','Kim'),(316,'Gun-Woo','Kim'),(317,'Gyu-Chul','Kim'),(318,'Ha-Neul','Kim'),(319,'Hae-Sook','Kim'),(320,'Hee-Ae','Kim'),(321,'Hee-Sun','Kim'),(322,'Ho-Jung','Kim'),(323,'Hong-Pa','Kim'),(324,'Hwan-Hee','Kim'),(325,'Hye-Eun','Kim'),(326,'Hye-Ja','Kim'),(327,'Hye-Joon','Kim'),(328,'Hye-Ok','Kim'),(329,'Hye-Soo','Kim'),(330,'Hye-Sung','Kim'),(331,'Hye-Yoon','Kim'),(332,'Hyo-Jin','Kim'),(333,'Hyun-Joo','Kim'),(334,'Hyun-Soo','Kim'),(335,'Hyung-Suk','Kim'),(336,'Jae-Kyung','Kim'),(337,'Jae-Won','Kim'),(338,'Jae-Wook','Kim'),(339,'Jae-Young','Kim'),(340,'Jee-Soo','Kim'),(341,'Ji-Eun','Kim'),(342,'Ji-Han','Kim'),(343,'Ji-Hoon','Kim'),(344,'Ji-Soo','Kim'),(345,'Ji-Suk','Kim'),(346,'Ji-Won','Kim'),(347,'Jin-Hee','Kim'),(348,'Jin-Woo','Kim'),(349,'Jong-Tae','Kim'),(350,'Joo-Heon','Kim'),(351,'Joo-Young','Kim'),(352,'Joon-Han','Kim'),(353,'Joong-Ki','Kim'),(354,'Jun-Kyu','Kim'),(355,'Jung-Eun','Kim'),(356,'Jung-Hyun','Kim'),(357,'Jung-Min','Kim'),(358,'Jung-Nan','Kim'),(359,'Kang-Hoon','Kim'),(360,'Kang-Hyun','Kim'),(361,'Kang-Woo','Kim'),(362,'Ki-Doo','Kim'),(363,'Kwon','Kim'),(364,'Kyul','Kim'),(365,'Kyung-Nam','Kim'),(366,'Mi-Kyung','Kim'),(367,'Mi-Sook','Kim'),(368,'Min-Ha','Kim'),(369,'Min-Jae','Kim'),(370,'Min-Jong','Kim'),(371,'Min-Jung','Kim'),(372,'Min-Kyu','Kim'),(373,'Min-Seo','Kim'),(374,'Min-Seok','Kim'),(375,'Moo-Joon','Kim'),(376,'Mu-Yeol','Kim'),(377,'Myung-Min','Kim'),(378,'Myung-Soo','Kim'),(379,'Nam-Gil','Kim'),(380,'Nam-Hee','Kim'),(381,'Nam-Joo','Kim'),(382,'Nu-Ri','Kim'),(383,'Ok-Bin','Kim'),(384,'Sae-Ron','Kim'),(385,'Sang-Ho','Kim'),(386,'Sang-Joong','Kim'),(387,'Sang-Kyung','Kim'),(388,'Se-Jeong','Kim'),(389,'Seo-Hyung','Kim'),(390,'Seol-Hyun','Kim'),(391,'Seon-Ho','Kim'),(392,'Seul-Gi','Kim'),(393,'Seung-Soo','Kim'),(394,'Shin-Rok','Kim'),(395,'So-Eun','Kim'),(396,'So-Hyun','Kim'),(397,'So-Jin','Kim'),(398,'So-Yeon','Kim'),(399,'Soo-Hyun','Kim'),(400,'Soo-Ro','Kim'),(401,'Su-Gyeom','Kim'),(402,'Sun-Ah','Kim'),(403,'Sung-Cheol','Kim'),(404,'Sung-Chul','Kim'),(405,'Sung-Gyu','Kim'),(406,'Sung-Kyun','Kim'),(407,'Sung-Oh','Kim'),(408,'Sung-Ryung','Kim'),(409,'Tae-Hee','Kim'),(410,'Tae-Hoon','Kim'),(411,'Tae-Ri','Kim'),(412,'Tae-Woo','Kim'),(413,'Won-Hae','Kim'),(414,'Woo-Seok','Kim'),(415,'Ye-Won','Kim'),(416,'Yeo-Jin','Kim'),(417,'Yeong-Cheol','Kim'),(418,'Yong-Ji','Kim'),(419,'Yoo-Bin','Kim'),(420,'Yoo-Jung','Kim'),(421,'Yoo-Mi','Kim'),(422,'Yoo-Ri','Kim'),(423,'Yoon-Hye','Kim'),(424,'Young-Ae','Kim'),(425,'Young-Dae','Kim'),(426,'Young-Kwang','Kim'),(427,'Young-Min','Kim'),(428,'Chang-Seok','Ko'),(429,'Kyo-Hwan','Koo'),(430,'Krystal','Jung'),(431,'Do-Won','Kwak'),(432,'Dong-Yeon','Kwak'),(433,'Shi-Yang','Kwak'),(434,'Eun-Bin','Kwon'),(435,'Hwa-Woon','Kwon'),(436,'Na-Ra','Kwon'),(437,'Seung-Woo','Kwon'),(438,'Yool','Kwon'),(439,'Yu-Ri','Kwon'),(440,'Mi-Ri','Kyeon'),(441,'Soo-Jin','Kyung'),(442,'Bo-Young','Lee'),(443,'Bong-Ryun','Lee'),(444,'Byung-Hun','Lee'),(445,'Chae-Mi','Lee'),(446,'Chan-Yoo','Lee'),(447,'Chun-Hee','Lee'),(448,'Chung-Ah','Lee'),(449,'Da-Hee','Lee'),(450,'Da-In','Lee'),(451,'Dae-Yeon','Lee'),(452,'David','Lee'),(453,'Deok-Hwa','Lee'),(454,'Do-Hyun','Lee'),(455,'Do-Kyung','Lee'),(456,'Dong-Gun','Lee'),(457,'Dong-Hwi','Lee'),(458,'Dong-Wook','Lee'),(459,'El','Lee'),(460,'Elijah','Lee'),(461,'Gi-Kwang','Lee'),(462,'Ha-Na','Lee'),(463,'Ha-Nee','Lee'),(464,'Hak-Joo','Lee'),(465,'Han-Wi','Lee'),(466,'Hang-Na','Lee'),(467,'Hee-Joon','Lee'),(468,'Hong-Ki','Lee'),(469,'Hong-Nae','Lee'),(470,'Hye-Ri','Lee'),(471,'Hye-Young','Lee'),(472,'Hyun-Wook','Lee'),(473,'Il-Hwa','Lee'),(474,'Jae-Wook','Lee'),(475,'Jae-Yoon','Lee'),(476,'Jang-Woo','Lee'),(477,'Je-Hoon','Lee'),(478,'Ji-Ah','Lee'),(479,'Ji-Hoon','Lee'),(480,'Jin-Wook','Lee'),(481,'Jong-Hyuk','Lee'),(482,'Jong-Suk','Lee'),(483,'Jong-Won','Lee'),(484,'Joo-Bin','Lee'),(485,'Joo-Myung','Lee'),(486,'Joo-Woo','Lee'),(487,'Joo-Young','Lee'),(488,'Joon','Lee'),(489,'Joon-Gi','Lee'),(490,'Joon-Hyuk','Lee'),(491,'Joong-Ok','Lee'),(492,'Jun-Ho','Lee'),(493,'Jun-Young','Lee'),(494,'Jung-Eun','Lee'),(495,'Jung-Jae','Lee'),(496,'Jung-Shin','Lee'),(497,'Ki-Hyun','Lee'),(498,'Ki-Woo','Lee'),(499,'Kwang-Soo','Lee'),(500,'Kyu-Han','Lee'),(501,'Kyu-Hyung','Lee'),(502,'Kyung-Young','Lee'),(503,'Min-Ho','Lee'),(504,'Min-Jung','Lee'),(505,'Min-Ki','Lee'),(506,'Min-Woo','Lee'),(507,'Moon-Shik','Lee'),(508,'Na-Eun','Lee'),(509,'Pil-Mo','Lee'),(510,'Ro-Woon','Lee'),(511,'Sae-On','Lee'),(512,'Sang-Hee','Lee'),(513,'Sang-Woo','Lee'),(514,'Sang-Yeob','Lee'),(515,'Sang-Yi','Lee'),(516,'Sang-Yoon','Lee'),(517,'Se-Young','Lee'),(518,'Seol','Lee'),(519,'Seung-Gi','Lee'),(520,'Seung-Joon','Lee'),(521,'Seung-Jun','Lee'),(522,'Shin-Young','Lee'),(523,'Si-Eon','Lee'),(524,'Si-Young','Lee'),(525,'So-Yeon','Lee'),(526,'Soo-Hyuk','Lee'),(527,'Soo-Kyung','Lee'),(528,'Su-Hyun','Lee'),(529,'Sun-Bin','Lee'),(530,'Sun-Kyun','Lee'),(531,'Sung-Jae','Lee'),(532,'Sung-Kyung','Lee'),(533,'Sung-Min','Lee'),(534,'Sung-Wook','Lee'),(535,'Tae-Hwan','Lee'),(536,'Tae-Ran','Lee'),(537,'Tae-Ri','Lee'),(538,'Won-Jong','Lee'),(539,'Won-Keun','Lee'),(540,'Ye-Rim','Lee'),(541,'Yeon','Lee'),(542,'Yi-Kyung','Lee'),(543,'Yo-Won','Lee'),(544,'Yoo-Bi','Lee'),(545,'Yoo-Jin','Lee'),(546,'Yoo-Joon','Lee'),(547,'Yoo-Ri','Lee'),(548,'Yoo-Young','Lee'),(549,'Young-Ae','Lee'),(550,'Young-Ah','Lee'),(551,'Yun-Hee','Lee'),(552,'Sang-Yeob','Lomon'),(553,'Dong-Seok','Ma'),(554,'Won-Jong','Mashiho'),(555,'Ram','Mi'),(556,'Do-Hee','Min'),(557,'Jin-Woong','Min'),(558,'Sung-Wook','Min'),(559,'Chae-Won','Moon'),(560,'Ga-Young','Moon'),(561,'Ji-In','Moon'),(562,'Jung-Hee','Moon'),(563,'So-Ri','Moon'),(564,'Sung-Geun','Moon'),(565,'Se-Bin','Myung'),(566,'Ki-Doo','N'),(567,'In-Woo','Na'),(568,'Moon-Hee','Na'),(569,'Young-Hee','Na'),(570,'Da-Reum','Nam'),(571,'Gyu-Ri','Nam'),(572,'Ji-Hyun','Nam'),(573,'Joo-Hyuk','Nam'),(574,'Ki-Ae','Nam'),(575,'Moon-Chul','Nam'),(576,'Sang-Mi','Nam'),(577,'Yoon-Su','Nam'),(578,'Min','Namkoong'),(579,'Jong-Hyun','Noh'),(580,'Min-Woo','Noh'),(581,'Chang-Seok','Oh'),(582,'Dae-Hwan','Oh'),(583,'Eui-Shik','Oh'),(584,'Hyun-Kyung','Oh'),(585,'Jung-Se','Oh'),(586,'Man-Suk','Oh'),(587,'Min-Suk','Oh'),(588,'Na-Ra','Oh'),(589,'So-Hyun','Oh'),(590,'Soon-Tae','Oh'),(591,'Yeon-Seo','Oh'),(592,'Yeon-Soo','Oh'),(593,'Young-Soo','Oh'),(594,'Yu-Jin','Oh'),(595,'Ja-Yeon','Ok'),(596,'Taec-Yeon','Ok'),(597,'Ye-Rin','Ok'),(598,'Pil-Mo','One'),(599,'In-Hwan','P.O'),(600,'Bo-Gum','Park'),(601,'Bo-Young','Park'),(602,'Byung-Eun','Park'),(603,'Eun-Bin','Park'),(604,'Eun-Seok','Park'),(605,'Gyu-Young','Park'),(606,'Ha-Sun','Park'),(607,'Hae-Jin','Park'),(608,'Hae-Joon','Park'),(609,'Hae-Soo','Park'),(610,'Han-Sol','Park'),(611,'Hee-Soon','Park'),(612,'Ho-San','Park'),(613,'Hoon','Park'),(614,'Hwan-Hee','Park'),(615,'Hye-Soo','Park'),(616,'Hyo-Joo','Park'),(617,'Hyuk-Kwon','Park'),(618,'Hyung-Sik','Park'),(619,'In-Hwan','Park'),(620,'Ji-Bin','Park'),(621,'Ji-Hoo','Park'),(622,'Ji-Hoon','Park'),(623,'Ji-Hyun','Park'),(624,'Ji-Young','Park'),(625,'Ji-Yun','Park'),(626,'Jin-Hee','Park'),(627,'Jin-Joo','Park'),(628,'Jin-Woo','Park'),(629,'Jin-Young','Park'),(630,'Jong-Hwan','Park'),(631,'Joo-Hee','Park'),(632,'Joo-Hyun','Park'),(633,'Joon-Myun','Park'),(634,'Ju-Hyun','Park'),(635,'Jun-Gyu','Park'),(636,'Jung-Woo','Park'),(637,'Ki-Woong','Park'),(638,'Kyung-Hye','Park'),(639,'Min-Jung','Park'),(640,'Min-Young','Park'),(641,'Sang-Hoon','Park'),(642,'Sang-Myun','Park'),(643,'Sang-Won','Park'),(644,'Se-Wan','Park'),(645,'Seo-Joon','Park'),(646,'Seo-Yeon','Park'),(647,'Seon-Im','Park'),(648,'Shi-An','Park'),(649,'Shi-Hoo','Park'),(650,'Shin-Hye','Park'),(651,'So-Hee','Park'),(652,'So-Hyun','Park'),(653,'So-Jin','Park'),(654,'Sun-Young','Park'),(655,'Sung-Hoon','Park'),(656,'Sung-Joon','Park'),(657,'Sung-Woong','Park'),(658,'Won-Sook','Park'),(659,'Ye-Jin','Park'),(660,'Yoo-Na','Park'),(661,'Yoon-Young','Park'),(662,'Young-Gyu','Park'),(663,'Ye-Jin','Pyo'),(664,'Mi-Ran','Ra'),(665,'Ki-Woo','Rain'),(666,'Jeong-Eui','Roh'),(667,'Gyu-Young','Rowoon'),(668,'Do-Hyun','Ryeoun'),(669,'Deok-Hwan','Ryu'),(670,'Hwa-Young','Ryu'),(671,'Hye-Young','Ryu'),(672,'Joon-Yeol','Ryu'),(673,'Kyung-Soo','Ryu'),(674,'Seung-Ryong','Ryu'),(675,'Soo-Young','Ryu'),(676,'Eun-Soo','Seo'),(677,'Hye-Rin','Seo'),(678,'Hyun-Chul','Seo'),(679,'Hyun-Jin','Seo'),(680,'Hyun-Woo','Seo'),(681,'In-Guk','Seo'),(682,'Jae-Hee','Seo'),(683,'Ji-Hoon','Seo'),(684,'Ji-Hye','Seo'),(685,'Jung-Yeon','Seo'),(686,'Kang-Joon','Seo'),(687,'Woo-Jin','Seo'),(688,'Yea-Ji','Seo'),(689,'In-Ah','Seol'),(690,'Hee-Sub','Shim'),(691,'Hye-Jin','Shim'),(692,'Hyung-Tak','Shim'),(693,'Yi-Young','Shim'),(694,'Do-Hyun','Shin'),(695,'Dong-Mi','Shin'),(696,'Dong-Wook','Shin'),(697,'Eun-Kyung','Shin'),(698,'Ha-Kyun','Shin'),(699,'Hye-Sun','Shin'),(700,'Hyun-Bin','Shin'),(701,'Hyun-Joon','Shin'),(702,'Jae-Ha','Shin'),(703,'Joo-Hwan','Shin'),(704,'Jung-Keun','Shin'),(705,'Min-Ah','Shin'),(706,'Se-Kyung','Shin'),(707,'Seung-Ho','Shin'),(708,'So-Yool','Shin'),(709,'Sung-Rok','Shin'),(710,'Won-Ho','Shin'),(711,'Ye-Eun','Shin'),(712,'Hyun-Seo','Sim'),(713,'Ji-Sub','So'),(714,'Ju-Yeon','So'),(715,'Yoo-Jin','So'),(716,'Byung-Ho','Son'),(717,'Chang-Min','Son'),(718,'Dam-Bi','Son'),(719,'Eun-Seo','Son'),(720,'Ho-Jun','Son'),(721,'Hyun-Joo','Son'),(722,'Jong-Hak','Son'),(723,'Na-Eun','Son'),(724,'Sang-Yeon','Son'),(725,'Seok-Koo','Son'),(726,'Seung-Won','Son'),(727,'Sung-Yoon','Son'),(728,'Ye-Jin','Son'),(729,'Boo-Geon','Song'),(730,'Geon-Hee','Song'),(731,'Ha-Yoon','Song'),(732,'Hye-Kyo','Song'),(733,'Il-Gook','Song'),(734,'Jae-Ryong','Song'),(735,'Ji-Hyo','Song'),(736,'Jong-Ho','Song'),(737,'Joong-Ki','Song'),(738,'Kang','Song'),(739,'Sae-Byuk','Song'),(740,'Seung-Heon','Song'),(741,'Seung-Hwan','Song'),(742,'Young-Kyu','Song'),(743,'Stephanie','Lee'),(744,'Dong-Il','Sung'),(745,'Hoon','Sung'),(746,'Ji-Ru','Sung'),(747,'Joon','Sung'),(748,'In-Ho','Tae'),(749,'Won-Seok','Tae'),(750,'Jun-Sang','Tang'),(751,'Seo-Hyun','Uee'),(752,'Hyo-Sub','Uhm'),(753,'Hyun-Kyung','Uhm'),(754,'Ji-Won','Uhm'),(755,'Jung-Hwa','Uhm'),(756,'Ki-Joon','Uhm'),(757,'Tae-Woong','Uhm'),(758,'Ji-Won','Wang'),(759,'Ha-Joon','Wi'),(760,'Ji-An','Won'),(761,'Jin-Ah','Won'),(762,'Mi-Kyung','Won'),(763,'Da-Vi','Woo'),(764,'Do-Hwan','Woo'),(765,'Hee-Jin','Woo'),(766,'Ji-Hyun','Woo'),(767,'Hee-Kyung','Yang'),(768,'Kyung-Won','Yang'),(769,'Mi-Kyung','Yang'),(770,'Se-Jong','Yang'),(771,'Seo-Hyun','Yang'),(772,'Ji-Won','Ye'),(773,'Soo-Jung','Ye'),(774,'Sung','Ye'),(775,'Hoe-Hyun','Yeo'),(776,'Jin-Goo','Yeo'),(777,'Hye-Ran','Yeom'),(778,'Jung-Ah','Yeom'),(779,'Jung-Hoon','Yeon'),(780,'Woo-Jin','Yeon'),(781,'Dam-Bi','Yeonwoo'),(782,'Si-Wan','Yim'),(783,'Ah-In','Yoo'),(784,'In-Na','Yoo'),(785,'In-Soo','Yoo'),(786,'In-Young','Yoo'),(787,'Jae-Myung','Yoo'),(788,'Ji-Tae','Yoo'),(789,'Ji-Yeon','Yoo'),(790,'Joon-Sang','Yoo'),(791,'Min-Kyu','Yoo'),(792,'Oh-Sung','Yoo'),(793,'Seung-Ho','Yoo'),(794,'Seung-Mok','Yoo'),(795,'Yeon-Seok','Yoo'),(796,'Sung-Jae','Yook'),(797,'Byung-Hee','Yoon'),(798,'Chan-Young','Yoon'),(799,'Eun-Hye','Yoon'),(800,'Gyung-Ho','Yoon'),(801,'Hyun-Min','Yoon'),(802,'Hyun-Soo','Yoon'),(803,'Jae-Hyuk','Yoon'),(804,'Ji-Hye','Yoon'),(805,'Jong-Hoon','Yoon'),(806,'Jong-Seok','Yoon'),(807,'Joo-Hee','Yoon'),(808,'Joo-Sang','Yoon'),(809,'Kyun-Sang','Yoon'),(810,'Park','Yoon'),(811,'Sang-Hyun','Yoon'),(812,'Se-Ah','Yoon'),(813,'Shi-Yoon','Yoon'),(814,'So-Hee','Yoon'),(815,'Sun-Woo','Yoon'),(816,'Yoo-Sun','Yoon'),(817,'Dong-Il','Yoshi'),(818,'Yuh-Jung','Youn'),(819,'Ji-On','Yun');
/*!40000 ALTER TABLE `cast_name` ENABLE KEYS */;
UNLOCK TABLES;

--
-- Table structure for table `day`
--

DROP TABLE IF EXISTS `day`;
/*!40101 SET @saved_cs_client     = @@character_set_client */;
/*!50503 SET character_set_client = utf8mb4 */;
CREATE TABLE `day` (
  `day_id` int NOT NULL AUTO_INCREMENT,
  `day_name` varchar(9) NOT NULL,
  PRIMARY KEY (`day_id`)
) ENGINE=InnoDB AUTO_INCREMENT=8 DEFAULT CHARSET=utf8mb3;
/*!40101 SET character_set_client = @saved_cs_client */;

--
-- Dumping data for table `day`
--

LOCK TABLES `day` WRITE;
/*!40000 ALTER TABLE `day` DISABLE KEYS */;
INSERT INTO `day` VALUES (1,'Sunday'),(2,'Monday'),(3,'Tuesday'),(4,'Wednesday'),(5,'Thursday'),(6,'Friday'),(7,'Saturday');
/*!40000 ALTER TABLE `day` ENABLE KEYS */;
UNLOCK TABLES;

--
-- Table structure for table `director`
--

DROP TABLE IF EXISTS `director`;
/*!40101 SET @saved_cs_client     = @@character_set_client */;
/*!50503 SET character_set_client = utf8mb4 */;
CREATE TABLE `director` (
  `director_id` int NOT NULL,
  `first_name` varchar(15) DEFAULT NULL,
  `last_name` varchar(10) DEFAULT NULL,
  PRIMARY KEY (`director_id`)
) ENGINE=InnoDB DEFAULT CHARSET=utf8mb3;
/*!40101 SET character_set_client = @saved_cs_client */;

--
-- Dumping data for table `director`
--

LOCK TABLES `director` WRITE;
/*!40000 ALTER TABLE `director` DISABLE KEYS */;
INSERT INTO `director` VALUES (1,'Hyun-Jin','Bae'),(2,'Young-Hoon','Cha'),(3,'Jung-Gyu','Choi'),(4,'Yoon-Seok','Choi'),(5,'Hyun-Hee','Han'),(6,'Jin-Sun','Han'),(7,'In-Hyuk','Hwang'),(8,'Tae-Yoo','Jang'),(9,'Nam-Hyung','Jo'),(10,'Dong-Yoon','Jung'),(11,'Hyun-Nam','Jung'),(12,'Justin','Chon'),(13,'Cheol-Woo','Kang'),(14,'Soo-Yeon','Kang'),(15,'Min-Soo','Ki'),(16,'Byung-Soo','Kim'),(17,'Dae-Jin','Kim'),(18,'Do-Hoon','Kim'),(19,'Dong-Hwi','Kim'),(20,'Hwi','Kim'),(21,'Jin-Woo','Kim'),(22,'Jung-Hyun','Kim'),(23,'Jung-Min','Kim'),(24,'Jung-Wook','Kim'),(25,'Keun-Hong','Kim'),(26,'Sang-Ho','Kim'),(27,'Sang-Woo','Kim'),(28,'Seong-Yoon','Kim'),(29,'Seung-Ho','Kim'),(30,'Yong-Min','Kim'),(31,'Young-Il','Kwon'),(32,'Byung-Hoon','Lee'),(33,'Dae-Kyung','Lee'),(34,'Eung-Bok','Lee'),(35,'Gil-Bok','Lee'),(36,'Hyun-Jin','Lee'),(37,'Hyun-Suk','Lee'),(38,'Jung-Mook','Lee'),(39,'Na-Jung','Lee'),(40,'Soo-Hyun','Lee'),(41,'Sung-Joon','Lee'),(42,'Yeon-Hong','Min'),(43,'Hyun-Woo','Myung'),(44,'Sung-Woo','Nam'),(45,'Sang-Hoon','No'),(46,'Bo-Ram','Park'),(47,'Hong-Soo','Park'),(48,'In-Je','Park'),(49,'Ji-Hyun','Park'),(50,'Sang-Woo','Park'),(51,'Seung-Woo','Park'),(52,'Shin-Woo','Park'),(53,'Soo-Jin','Park'),(54,'Yong-Soon','Park'),(55,'So-Yeon','Shim'),(56,'Kyung-Soo','Shin'),(57,'Woo-Cheol','Shin'),(58,'Yong-Hwi','Shin'),(59,'Yeon-Hwa','Song'),(60,'Chi-Wook','Sung'),(61,'Hak-Chan','Yoo'),(62,'Hyun-Gi','Yoon'),(63,'Jong-Ho','Yoon'),(64,'Ra-Young','Yoon'),(65,'Gil-Ho','Ahn'),(66,'Pan-Seok','Ahn'),(67,'Sang-Yeob','Ashbun'),(68,'Sang-Hoon','Baek'),(69,'Sung-Chul','Boo'),(70,'Young-Hoon','Cha'),(71,'Joon-Bae','Choi'),(72,'Jung-Gyu','Choi'),(73,'Jae-Hyun','Go'),(74,'Byung-Hoon','Ha'),(75,'Han-Me','Ha'),(76,'Cheol-Soo','Han'),(77,'Dong-Hwa','Han'),(78,'Hee','Han'),(79,'Ji-Seung','Han'),(80,'Ji-Won','Han'),(81,'Jun-Hee','Han'),(82,'Jong-Chan','Hong'),(83,'Jin-Ho','Hur'),(84,'Dong-Hyuk','Hwang'),(85,'Eui-Kyung','Hwang'),(86,'Tae-Yoo','Jang'),(87,'Yong-Woo','Jang'),(88,'Young-Woo','Jang'),(89,'Dae-Yun','Jeong'),(90,'Chang-Gyu','Jin'),(91,'Hyeok','Jin'),(92,'Hyun-Taek','Jo'),(93,'Nam-Gook','Jo'),(94,'Soo-Won','Jo'),(95,'Woong','Jo'),(96,'Young-Kwang','Jo'),(97,'Dong-Min','Joo'),(98,'Chang-Geun','Jun'),(99,'Dong-Yoon','Jung'),(100,'Ji-Hyun','Jung'),(101,'Ji-In','Jung'),(102,'Hyo-Jin','Kang'),(103,'Il-Soo','Kang'),(104,'Min-Gu','Kang'),(105,'Min-Kyung','Kang'),(106,'Shin-Hyo','Kang'),(107,'Byung-Soo','Kim'),(108,'Chul-Gyu','Kim'),(109,'Dae-Jin','Kim'),(110,'Dong-Hwi','Kim'),(111,'Hee-Won','Kim'),(112,'Hong-Seon','Kim'),(113,'Hye-Young','Kim'),(114,'Hyoung-Seok','Kim'),(115,'Hyung-Shik','Kim'),(116,'Jae-Hong','Kim'),(117,'Jae-Hyun','Kim'),(118,'Jin-Man','Kim'),(119,'Jin-Min','Kim'),(120,'Jin-Won','Kim'),(121,'Jin-Woo','Kim'),(122,'Jong-Hyeok','Kim'),(123,'Jung-Gyu','Kim'),(124,'Jung-Hyun','Kim'),(125,'Jung-Kwon','Kim'),(126,'Jung-Shik','Kim'),(127,'Keun-Hong','Kim'),(128,'Kyu-Tae','Kim'),(129,'Kyung-Hee','Kim'),(130,'Sang-Hyub','Kim'),(131,'Seok-Yoon','Kim'),(132,'Seong-Yoon','Kim'),(133,'Sung-Ho','Kim'),(134,'Sung-Hoon','Kim'),(135,'Sung-Soo','Kim'),(136,'Sung-Yong','Kim'),(137,'Tae-Yoon','Kim'),(138,'Won-Suk','Kim'),(139,'Yong-Wan','Kim'),(140,'Yoon-Jin','Kim'),(141,'Kyu-Tae','Kogonada'),(142,'Hyuk-Chan','Kwon'),(143,'Seok-Jang','Kwon'),(144,'Young-Il','Kwon'),(145,'Byung-Hoon','Lee'),(146,'Chang-Hee','Lee'),(147,'Chang-Min','Lee'),(148,'Dong-Hun','Lee'),(149,'Eung-Bok','Lee'),(150,'Hyung-Min','Lee'),(151,'Jae-Gyoo','Lee'),(152,'Jae-Hoon','Lee'),(153,'Jae-Sang','Lee'),(154,'Jeong-Hyo','Lee'),(155,'Jong-Jae','Lee'),(156,'Joo-Hwan','Lee'),(157,'Jung-Heum','Lee'),(158,'Jung-Sub','Lee'),(159,'Myung-Woo','Lee'),(160,'Na-Jung','Lee'),(161,'Sang-Yeob','Lee'),(162,'Seung-Hoon','Lee'),(163,'Seung-Young','Lee'),(164,'Soo-Hyun','Lee'),(165,'Sung-Joon','Lee'),(166,'Tae-Gon','Lee'),(167,'Yoo-Yeon','Lee'),(168,'Yoon-Jung','Lee'),(169,'Jin-Gi','Min'),(170,'Yeon-Hong','Min'),(171,'Wan-Il','Mo'),(172,'Ki-Hoon','Nam'),(173,'Sung-Woo','Nam'),(174,'Do-Cheol','Noh'),(175,'Choong-Hwan','Oh'),(176,'Hyun-Jong','Oh'),(177,'Chan-Hong','Park'),(178,'Hong-Kyun','Park'),(179,'Hyun-Suk','Park'),(180,'Jin-Suk','Park'),(181,'Joon-Hwa','Park'),(182,'Joon-Soo','Park'),(183,'Joon-Woo','Park'),(184,'Sang-Hoon','Park'),(185,'Seon-Ho','Park'),(186,'Seung-Woo','Park'),(187,'Shin-Woo','Park'),(188,'Soo-Jin','Park'),(189,'Soo-Won','Park'),(190,'Na-Yeon','Shim'),(191,'Kyung-Soo','Shin'),(192,'Won-Ho','Shin'),(193,'Woo-Cheol','Shin'),(194,'Yong-Hwi','Shin'),(195,'Yoon-Sub','Shin'),(196,'Jae-Hyun','So'),(197,'Hyun-Wook','Song'),(198,'Hyung-Suk','Song'),(199,'Min-Yeop','Song'),(200,'Yong-Il','Sung'),(201,'Hye-Ryung','Wang'),(202,'Hee-Woon','Yoo'),(203,'In-Shik','Yoo'),(204,'Je-Won','Yoo'),(205,'Jong-Sun','Yoo'),(206,'Seon-Dong','Yoo'),(207,'Sung-Shik','Yoon'),(208,'Su-Min','You');
/*!40000 ALTER TABLE `director` ENABLE KEYS */;
UNLOCK TABLES;

--
-- Table structure for table `drama`
--

DROP TABLE IF EXISTS `drama`;
/*!40101 SET @saved_cs_client     = @@character_set_client */;
/*!50503 SET character_set_client = utf8mb4 */;
CREATE TABLE `drama` (
  `drama_id` int NOT NULL,
  `drama_name` varchar(50) DEFAULT NULL,
  `release_year` year DEFAULT NULL,
  `rating` decimal(3,1) DEFAULT NULL,
  `rank` int DEFAULT NULL,
  `duration_minutes` int DEFAULT NULL,
  `content_rating` varchar(3) DEFAULT NULL,
  `aired_start_date` date NOT NULL,
  `aired_end_date` date DEFAULT NULL,
  `num_episodes` int DEFAULT NULL,
  PRIMARY KEY (`drama_id`)
) ENGINE=InnoDB DEFAULT CHARSET=utf8mb3;
/*!40101 SET character_set_client = @saved_cs_client */;

--
-- Dumping data for table `drama`
--

LOCK TABLES `drama` WRITE;
/*!40000 ALTER TABLE `drama` DISABLE KEYS */;
INSERT INTO `drama` VALUES (1,'Move to Heaven',2021,9.2,1,52,'18+','2021-05-14',NULL,10),(2,'Flower of Evil',2020,9.1,2,70,'15+','2020-07-29','2020-09-23',16),(3,'Hospital Playlist',2020,9.1,3,90,'15+','2020-03-12','2020-05-28',12),(4,'Hospital Playlist 2',2021,9.1,4,100,'15+','2021-06-17','2021-09-16',12),(5,'My Mister',2018,9.1,5,77,'15+','2018-03-21','2018-05-17',16),(6,'Reply 1988',2015,9.1,6,100,'15+','2015-11-06','2016-01-16',20),(7,'Weak Hero Class 1',2022,9.1,7,40,'18+','2022-11-18',NULL,8),(8,'Prison Playbook',2017,9.1,8,92,'15+','2017-11-22','2018-01-18',16),(9,'Alchemy of Souls',2022,9.0,9,80,'15+','2022-06-18','2022-08-28',20),(10,'Extraordinary Attorney Woo',2022,9.0,10,77,'15+','2022-06-29','2022-08-18',16),(11,'Mr. Queen',2020,9.0,11,80,'15+','2020-12-12','2021-02-14',20),(12,'Mother',2018,9.0,12,63,'15+','2018-01-24','2018-03-15',16),(13,'It\'s Okay to Not Be Okay',2020,9.0,13,75,'15+','2020-06-20','2020-08-09',16),(14,'Crash Landing on You',2019,9.0,14,85,'15+','2019-12-14','2020-02-16',16),(15,'Vincenzo',2021,9.0,15,85,'15+','2021-02-20','2021-05-02',20),(16,'Navillera',2021,9.0,16,65,'15+','2021-03-22','2021-04-27',12),(17,'Signal',2016,9.0,17,75,'15+','2016-01-22','2016-03-12',16),(18,'Mr. Sunshine',2018,8.9,18,80,'15+','2018-07-07','2018-09-30',24),(19,'Happiness',2021,8.9,19,65,'15+','2021-11-05','2021-12-11',12),(20,'Kingdom: Season 2',2020,8.9,20,45,'18+','2020-03-13',NULL,6),(21,'SKY Castle',2018,8.9,21,75,'15+','2018-11-23','2019-02-01',20),(22,'Tomorrow',2022,8.9,22,60,'15+','2022-04-01','2022-05-21',16),(23,'Healer',2014,8.9,23,60,'15+','2014-12-08','2015-02-10',20),(24,'Stranger',2017,8.9,24,70,'15+','2017-06-10','2017-07-30',16),(25,'Twenty-Five Twenty-One',2022,8.8,25,75,'15+','2022-02-12','2022-04-03',16),(26,'The Red Sleeve',2021,8.8,26,80,'15+','2021-11-12','2022-01-01',17),(27,'Goblin',2016,8.8,27,82,'15+','2016-12-02','2017-01-21',16),(28,'The Uncanny Counter',2020,8.8,28,70,'15+','2020-11-28','2021-01-24',16),(29,'Mouse',2021,8.7,29,75,'18+','2021-03-03','2021-05-19',20),(30,'Kingdom',2019,8.8,30,51,'18+','2019-01-25',NULL,6),(31,'Weightlifting Fairy Kim Bok Joo',2016,8.8,31,60,'15+','2016-11-16','2017-01-11',16),(32,'D.P.',2021,8.8,32,50,'15+','2021-08-27',NULL,6),(33,'The Devil Judge',2021,8.8,33,70,'15+','2021-07-03','2021-08-22',16),(34,'The Penthouse',2020,8.8,34,85,'15+','2020-10-26','2021-01-05',21),(35,'Youth of May',2021,8.8,35,70,'15+','2021-05-03','2021-06-08',12),(36,'Taxi Driver',2021,8.8,36,65,'18+','2021-04-09','2021-05-29',16),(37,'Life on Mars',2018,8.8,37,65,'15+','2018-06-09','2018-08-05',16),(38,'Beyond Evil',2021,8.8,38,65,'15+','2021-02-19','2021-04-10',16),(39,'Racket Boys',2021,8.8,39,75,'15+','2021-05-31','2021-08-09',16),(40,'Hometown Cha-Cha-Cha',2021,8.8,40,80,'15+','2021-08-28','2021-10-17',16),(41,'Six Flying Dragons',2015,8.8,41,60,'15+','2015-10-05','2016-03-22',50),(42,'Our Beloved Summer',2021,8.7,42,60,'15+','2021-12-06','2022-01-25',16),(43,'The Guest',2018,8.8,43,67,'18+','2018-09-12','2018-11-01',16),(44,'Dear My Friends',2016,8.7,44,70,'15+','2016-05-13','2016-07-02',16),(45,'While You Were Sleeping',2017,8.7,45,30,'15+','2017-09-27','2017-11-16',32),(46,'The Penthouse 2',2021,8.8,46,75,'15+','2021-02-19','2021-04-02',13),(47,'Chicago Typewriter',2017,8.7,47,70,'15+','2017-04-07','2017-06-03',16),(48,'18 Again',2020,8.7,48,70,'15+','2020-09-21','2020-11-10',16),(49,'Arthdal Chronicles Part 2',2019,8.7,49,81,'15+','2019-06-22','2019-07-07',6),(50,'Arthdal Chronicles Part 3',2019,8.7,50,80,'15+','2019-09-07','2019-09-22',6),(51,'Through the Darkness',2022,8.7,51,70,'18+','2022-01-14','2022-03-12',12),(52,'Dr. Romantic 2',2020,8.7,52,70,'15+','2020-01-06','2020-02-25',16),(53,'Defendant',2017,8.7,53,70,'15+','2017-01-23','2017-03-21',18),(54,'Our Blues',2022,8.7,54,70,'15+','2022-04-09','2022-06-12',20),(55,'Sweet Home',2020,8.7,55,52,'18+','2020-12-18',NULL,10),(56,'Kill Me, Heal Me',2015,8.7,56,62,'15+','2015-01-07','2015-03-12',20),(57,'Moon Lovers',2016,8.7,57,60,'15+','2016-08-29','2016-11-01',20),(58,'A Business Proposal',2022,8.7,58,60,'15+','2022-02-28','2022-04-05',12),(59,'Misaeng',2014,8.7,59,80,'15+','2014-10-17','2014-12-20',20),(60,'Strong Woman Do Bong Soon',2017,8.7,60,67,'15+','2017-02-24','2017-04-15',16),(61,'The Fiery Priest',2019,8.7,61,35,'15+','2019-02-15','2019-04-20',40),(62,'My Name',2021,8.7,62,50,'18+','2021-10-15',NULL,8),(63,'Hotel del Luna',2019,8.7,63,80,'15+','2019-07-13','2019-09-01',16),(64,'Hot Stove League',2019,8.7,64,62,'15+','2019-12-13','2020-02-14',16),(65,'Dr. Romantic',2016,8.7,65,60,'15+','2016-11-07','2017-01-16',20),(66,'Descendants of the Sun',2016,8.7,66,60,'15+','2016-02-24','2016-04-14',16),(67,'Law School',2021,8.7,67,65,'15+','2021-04-14','2021-06-09',16),(68,'Strangers from Hell',2019,8.7,68,60,'15+','2019-08-31','2019-10-06',10),(69,'Live',2018,8.7,69,75,'15+','2018-03-10','2018-05-06',18),(70,'Tunnel',2017,8.7,70,60,'15+','2017-03-25','2017-05-21',16),(71,'My Liberation Notes',2022,8.6,71,67,'15+','2022-04-09','2022-05-29',16),(72,'Partners for Justice 2',2019,8.6,72,35,'15+','2019-06-03','2019-07-29',32),(73,'Jewel in the Palace',2003,8.6,73,65,'13+','2003-09-15','2004-03-23',54),(74,'It\'s Okay, That\'s Love',2014,8.6,74,60,'15+','2014-07-23','2014-09-11',16),(75,'Little Women',2022,8.6,75,75,'15+','2022-09-03','2022-10-09',12),(76,'Ghost Doctor',2022,8.6,76,70,'15+','2022-01-03','2022-02-22',16),(77,'Eulachacha Waikiki',2018,8.6,77,65,'15+','2018-02-05','2018-04-17',20),(78,'The Bridal Mask',2012,8.6,78,65,'15+','2012-05-30','2012-09-06',28),(79,'Children of Nobody',2018,8.6,79,30,'15+','2018-11-21','2019-01-16',32),(80,'Good Manager',2017,8.6,80,60,'15+','2017-01-25','2017-03-30',20),(81,'The King of Pigs',2022,8.6,81,55,'18+','2022-03-18','2022-04-22',12),(82,'Big Mouth',2022,8.6,82,71,'15+','2022-07-29','2022-09-17',16),(83,'Go Back Couple',2017,8.6,83,70,'15+','2017-10-13','2017-11-18',12),(84,'Empress Ki',2013,8.6,84,65,'15+','2013-10-28','2014-04-29',51),(85,'My Father is Strange',2017,8.6,85,66,'15+','2017-03-04','2017-08-27',52),(86,'Once Again',2020,8.6,86,35,'15+','2020-03-28','2020-09-13',100),(87,'Missing',2020,8.6,87,70,'15+','2020-08-29','2020-10-11',12),(88,'Stranger 2',2020,8.6,88,62,'15+','2020-08-15','2020-10-04',16),(89,'Designated Survivor',2019,8.6,89,70,'15+','2019-07-01','2019-08-20',16),(90,'Juvenile Justice',2022,8.6,90,62,'18+','2022-02-25',NULL,10),(91,'Cruel City',2013,8.6,91,60,'15+','2013-05-27','2013-07-30',20),(92,'My Love from the Star',2013,8.6,92,58,'15+','2013-12-18','2014-02-27',21),(93,'Mystic Pop-Up Bar',2020,8.6,93,68,'15+','2020-05-20','2020-06-25',12),(94,'Age of Youth',2016,8.6,94,60,'15+','2016-07-22','2016-08-27',12),(95,'Just Between Lovers',2017,8.6,95,73,'15+','2017-12-11','2018-01-30',16),(96,'Save Me',2017,8.6,96,60,'15+','2017-08-05','2017-09-24',16),(97,'Bad and Crazy',2021,8.6,97,70,'15+','2021-12-17','2022-01-28',12),(98,'365',2020,8.6,98,35,'15+','2020-03-23','2020-04-28',24),(99,'The Master\'s Sun',2013,8.6,99,62,'15+','2013-08-07','2013-10-03',17),(100,'Avengers Social Club',2017,8.6,100,60,'15+','2017-10-11','2017-11-16',12),(101,'Rebel',2017,8.5,101,60,'15+','2017-01-30','2017-05-16',30),(102,'Nobody Knows',2020,8.5,102,70,'15+','2020-03-02','2020-04-21',16),(103,'Bad Guys',2014,8.5,103,65,'18+','2014-10-04','2014-12-13',11),(104,'Beautiful World',2019,8.5,104,60,'15+','2019-04-05','2019-05-25',16),(105,'Arthdal Chronicles Part 1',2019,8.5,105,80,'15+','2019-06-01','2019-06-16',6),(106,'Kairos',2020,8.5,106,70,'15+','2020-10-26','2020-12-22',16),(107,'I Hear Your Voice',2013,8.5,107,60,'15+','2013-06-05','2013-08-01',18),(108,'What\'s Wrong with Secretary Kim',2018,8.5,108,69,'15+','2018-06-06','2018-07-26',16),(109,'Vagabond',2019,8.5,109,70,'15+','2019-09-20','2019-11-23',16),(110,'One Ordinary Day',2021,8.5,110,70,'18+','2021-11-27','2021-12-19',8),(111,'Reply 1997',2012,8.5,111,60,'15+','2012-07-24','2012-09-18',16),(112,'Doctor John',2019,8.5,112,35,'15+','2019-07-19','2019-09-07',32),(113,'Hi Bye, Mama!',2020,8.5,113,70,'15+','2020-02-22','2020-04-19',16),(114,'Voice',2017,8.5,114,60,'15+','2017-01-14','2017-03-12',16),(115,'Fight For My Way',2017,8.5,115,60,'15+','2017-05-22','2017-07-11',16),(116,'Squid Game',2021,8.5,116,60,'18+','2021-09-17',NULL,9),(117,'W',2016,8.5,117,60,'15+','2016-07-20','2016-09-14',16),(118,'Queen Seon Duk',2009,8.5,118,65,'15+','2009-05-25','2009-12-22',62),(119,'Mad for Each Other',2021,8.5,119,35,'15+','2021-05-24','2021-06-21',13),(120,'Dali and the Cocky Prince',2021,8.5,120,65,'15+','2021-09-22','2021-11-11',16),(121,'Thirty But Seventeen',2018,8.5,121,35,'15+','2018-07-23','2018-09-18',32),(122,'When the Camellia Blooms',2019,8.5,122,35,'15+','2019-09-18','2019-11-21',40),(123,'Be Melodramatic',2019,8.5,123,65,'15+','2019-08-09','2019-09-28',16),(124,'Itaewon Class',2020,8.5,124,70,'15+','2020-01-31','2020-03-21',16),(125,'Snowdrop',2021,8.5,125,90,'15+','2021-12-18','2022-01-30',16),(126,'Circle',2017,8.5,126,65,'15+','2017-05-22','2017-06-27',12),(127,'Because This Is My First Life',2017,8.5,127,70,'15+','2017-10-09','2017-11-28',16),(128,'The Princess\'s Man',2011,8.5,128,65,'15+','2011-07-20','2011-10-06',24),(129,'Blind',2022,8.5,129,70,'15+','2022-09-16','2022-11-05',16),(130,'Two Weeks',2013,8.5,130,68,'15+','2013-08-07','2013-09-26',16),(131,'Work Later, Drink Now',2021,8.5,131,35,'18+','2021-10-22','2021-11-26',12),(132,'Dong Yi',2010,8.5,132,65,'15+','2010-03-22','2010-10-12',60),(133,'Gaus Electronics',2022,8.5,133,50,'15+','2022-09-30','2022-11-05',12),(134,'Angel\'s Last Mission: Love',2019,8.5,134,35,'15+','2019-05-22','2019-07-11',32),(135,'The World of the Married',2020,8.5,135,80,'18+','2020-03-27','2020-05-16',16),(136,'All of Us Are Dead',2022,8.5,136,62,'18+','2022-01-28',NULL,12),(137,'Extracurricular',2020,8.5,137,55,'18+','2020-04-29',NULL,10),(138,'Yumi\'s Cells',2021,8.5,138,70,'13+','2021-09-17','2021-10-30',14),(139,'Lost',2021,8.4,139,70,'15+','2021-09-04','2021-10-24',16),(140,'Queen In Hyun\'s Man',2012,8.4,140,45,'15+','2012-04-18','2012-06-07',16),(141,'One Dollar Lawyer',2022,8.4,141,70,'','2022-09-23','2022-11-11',12),(142,'If You Wish Upon Me',2022,8.4,142,70,'15+','2022-08-10','2022-09-29',16),(143,'I\'m Not a Robot',2017,8.4,143,35,'15+','2017-12-06','2018-01-25',32),(144,'Memorist',2020,8.4,144,65,'15+','2020-03-11','2020-04-30',16),(145,'Voice 2',2018,8.4,145,60,'15+','2018-08-11','2018-09-16',12),(146,'Doom at Your Service',2021,8.4,146,65,'15+','2021-05-10','2021-06-29',16),(147,'Duel',2017,8.4,147,63,'','2017-06-03','2017-07-23',16),(148,'Search: WWW',2019,8.4,148,70,'15+','2019-06-05','2019-07-25',16),(149,'From Now On, Showtime!',2022,8.4,149,73,'15+','2022-04-23','2022-06-12',16),(150,'Hello Monster',2015,8.4,150,70,'15+','2015-06-22','2015-08-11',16),(151,'Moon Embracing the Sun',2012,8.4,151,65,'15+','2012-01-04','2012-03-15',20),(152,'Train',2020,8.4,152,60,'15+','2020-07-11','2020-08-16',12),(153,'Sh**ting Stars',2022,8.4,153,60,'15+','2022-04-22','2022-06-11',16),(154,'The Crowned Clown',2019,8.4,154,80,'15+','2019-01-07','2019-03-04',16),(155,'Mad Dog',2017,8.4,155,60,'15+','2017-10-11','2017-11-30',16),(156,'Birthcare Center',2020,8.4,156,65,'15+','2020-11-02','2020-11-24',8),(157,'Nine: Nine Times Time Travel',2013,8.4,157,52,'15+','2013-03-11','2013-05-14',20),(158,'Extraordinary You',2019,8.4,158,35,'13+','2019-10-02','2019-11-21',32),(159,'Pinocchio',2014,8.4,159,58,'15+','2014-11-12','2015-01-15',20),(160,'Doctor Prisoner',2019,8.4,160,35,'15+','2019-03-20','2019-05-15',32),(161,'Love All Play',2022,8.4,161,70,'15+','2022-04-20','2022-06-09',16),(162,'My Unfamiliar Family',2020,8.4,162,75,'15+','2020-06-01','2020-07-21',16),(163,'Her Private Life',2019,8.4,163,75,'15+','2019-04-10','2019-05-30',16),(164,'Age of Youth 2',2017,8.4,164,60,'15+','2017-08-25','2017-10-07',14),(165,'Secret',2013,8.4,165,62,'15+','2013-09-25','2013-11-14',16),(166,'Military Prosecutor Doberman',2022,8.4,166,65,'15+','2022-02-28','2022-04-26',16),(167,'Pachinko',2022,8.4,167,54,'15+','2022-03-25','2022-04-29',8),(168,'My Roommate Is a Gumiho',2021,8.4,168,70,'15+','2021-05-26','2021-07-15',16),(169,'Yumi\'s Cells 2',2022,8.4,169,65,'15+','2022-06-10','2022-07-22',14),(170,'My Country: The New Age',2019,8.4,170,80,'15+','2019-10-04','2019-11-23',16),(171,'Sell Your Haunted House',2021,8.4,171,70,'15+','2021-04-14','2021-06-09',16),(172,'Player',2018,8.4,172,65,'','2018-09-29','2018-11-11',14),(173,'The Legend of the Blue Sea',2016,8.4,173,60,'15+','2016-11-16','2017-01-25',20),(174,'Come and Hug Me',2018,8.4,174,35,'15+','2018-05-16','2018-07-19',32),(175,'Partners for Justice',2018,8.4,175,35,'15+','2018-05-14','2018-07-17',32),(176,'Seasons of Blossom',2022,8.4,176,25,'13+','2022-09-21','2022-11-02',16),(177,'The Tale of Nokdu',2019,8.4,177,33,'15+','2019-09-30','2019-11-25',32),(178,'Psychopath Diary',2019,8.4,178,80,'15+','2019-11-20','2020-01-09',16),(179,'The Beauty Inside',2018,8.4,179,70,'15+','2018-10-01','2018-11-20',16),(180,'Tale of the Nine-Tailed',2020,8.4,180,70,'15+','2020-10-07','2020-12-03',16),(181,'The Good Detective',2020,8.4,181,70,'15+','2020-07-06','2020-08-25',16),(182,'He Is Psychometric',2019,8.4,182,64,'15+','2019-03-11','2019-04-30',16),(183,'One Spring Night',2019,8.4,183,35,'15+','2019-05-22','2019-07-11',32),(184,'Soundtrack #1',2022,8.4,184,44,'13+','2022-03-23','2022-04-13',4),(185,'City Hunter',2011,8.4,185,70,'15+','2011-05-25','2011-07-28',20),(186,'Class of Lies',2019,8.3,186,70,'15+','2019-07-17','2019-09-05',16),(187,'100 Days My Prince',2018,8.3,187,75,'15+','2018-09-10','2018-10-30',16),(188,'At a Distance, Spring Is Green',2021,8.3,188,0,'15+','2021-06-14','2021-07-20',12),(189,'Lie After Lie',2020,8.3,189,69,'15+','2020-09-04','2020-10-24',16),(190,'The Sound of Magic',2022,8.3,190,70,'15+','2022-05-06',NULL,6),(191,'The Mysterious Class',2021,8.3,191,20,'','2021-11-12','2021-12-31',8),(192,'Good Doctor',2013,8.3,192,65,'15+','2013-08-05','2013-10-08',20),(193,'It\'s Okay, That\'s Friendship',2021,8.3,193,20,'G','2021-03-05',NULL,1),(194,'Rookie Cops',2022,8.3,194,60,'15+','2022-01-26','2022-03-16',16),(195,'True Beauty',2020,8.3,195,75,'15+','2020-12-09','2021-02-04',16),(196,'Oh My Ghost',2015,8.3,196,60,'13+','2015-07-03','2015-08-22',16),(197,'God\'s Gift: 14 Days',2014,8.3,197,65,'15+','2014-03-03','2014-04-22',16),(198,'The Sound of Your Heart',2016,8.3,198,15,'15+','2016-11-07','2016-11-28',20),(199,'The Veil',2021,8.3,199,70,'15+','2021-09-17','2021-10-23',12),(200,'Graceful Family',2019,8.3,200,80,'15+','2019-08-21','2019-10-17',16),(201,'Gu Family Book',2013,8.3,201,65,'15+','2013-04-08','2013-06-25',24),(202,'The Hymn of Death',2018,8.3,202,35,'15+','2018-11-27','2018-12-04',6),(203,'Jumong',2006,8.3,203,70,'15+','2006-05-15','2007-03-06',81),(204,'Vampire Prosecutor 2',2012,8.3,204,65,'15+','2012-09-09','2012-11-18',11),(205,'Ugly Alert',2013,8.3,205,35,'15+','2013-05-20','2013-11-29',133),(206,'Misty',2018,8.3,206,70,'15+','2018-02-02','2018-03-24',16),(207,'Voice 3: City of Accomplices',2019,8.3,207,60,'15+','2019-05-11','2019-06-30',16),(208,'Confession',2019,8.3,208,60,'15+','2019-03-23','2019-05-12',16),(209,'Again My Life',2022,8.3,209,65,'15+','2022-04-08','2022-05-28',16),(210,'Money Heist: Korea - Joint Economic Area - Part 1',2022,8.3,210,70,'18+','2022-06-24',NULL,6),(211,'Are You Human Too?',2018,8.3,211,35,'15+','2018-06-04','2018-08-07',36),(212,'Run On',2020,8.3,212,70,'15+','2020-12-16','2021-02-04',16),(213,'The Smile Has Left Your Eyes',2018,8.3,213,64,'15+','2018-10-03','2018-11-22',16),(214,'Team Bulldog: Off-duty Investigation',2020,8.3,214,70,'15+','2020-05-23','2020-06-28',12),(215,'The Guardians',2017,8.3,215,35,'15+','2017-05-22','2017-07-11',32),(216,'Terius Behind Me',2018,8.3,216,35,'15+','2018-09-27','2018-11-15',32),(217,'Hyena',2020,8.3,217,70,'15+','2020-02-21','2020-04-11',16),(218,'Touch Your Heart',2019,8.3,218,70,'15+','2019-02-06','2019-03-28',16),(219,'Angry Mom',2015,8.3,219,70,'15+','2015-03-18','2015-05-07',16),(220,'Welcome 2 Life',2019,8.3,220,35,'15+','2019-08-05','2019-09-24',32),(221,'Suspicious Partner',2017,8.3,221,30,'15+','2017-05-10','2017-07-13',40),(222,'Mine',2021,8.3,222,70,'15+','2021-05-08','2021-06-27',16),(223,'When the Weather Is Fine',2020,8.3,223,60,'15+','2020-02-24','2020-04-21',16),(224,'Lawless Lawyer',2018,8.3,224,66,'15+','2018-05-12','2018-07-01',16),(225,'Crazy Love',2022,8.3,225,65,'15+','2022-03-07','2022-04-26',16),(226,'WATCHER',2019,8.3,226,65,'15+','2019-07-06','2019-08-25',16),(227,'Five Enough',2016,8.3,227,70,'15+','2016-02-20','2016-08-21',54),(228,'Amanza',2020,8.3,228,15,'15+','2020-09-01','2020-11-03',10),(229,'Light on Me',2021,8.3,229,24,'13+','2021-06-29','2021-08-19',16),(230,'Bulgasal: Immortal Souls',2021,8.3,230,75,'15+','2021-12-18','2022-02-06',16),(231,'Liar Game',2014,8.3,231,63,'','2014-10-20','2014-11-25',12),(232,'Tree With Deep Roots',2011,8.3,232,69,'15+','2011-10-05','2011-12-22',24),(233,'49 Days',2011,8.3,233,70,'15+','2011-03-16','2011-05-19',20),(234,'D-Day',2015,8.3,234,65,'15+','2015-09-18','2015-11-21',20),(235,'Awaken',2020,8.3,235,70,'15+','2020-11-30','2021-01-19',16),(236,'Oh My Venus',2015,8.3,236,60,'13+','2015-11-16','2016-01-05',16),(237,'Leverage',2019,8.3,237,60,'15+','2019-10-13','2019-12-08',16),(238,'The King\'s Affection',2021,8.3,238,70,'15+','2021-10-11','2021-12-14',20),(239,'A Gentleman\'s Dignity',2012,8.3,239,65,'15+','2012-05-26','2012-08-12',20),(240,'Rookie Historian Goo Hae Ryung',2019,8.3,240,35,'15+','2019-07-17','2019-09-26',40),(241,'Coffee Prince',2007,8.3,241,60,'15+','2007-07-02','2007-08-28',17),(242,'Ghost',2012,8.3,242,65,'15+','2012-05-30','2012-08-09',20),(243,'Love Playlist: Season 4',2019,8.3,243,20,'15+','2019-06-19','2019-08-10',16),(244,'God\'s Quiz: Reboot',2018,8.3,244,65,'15+','2018-11-14','2019-01-10',16),(245,'Missing Noir M',2015,8.3,245,70,'15+','2015-03-28','2015-05-30',10),(246,'Live Up to Your Name',2017,8.3,246,70,'15+','2017-08-12','2017-10-01',16),(247,'Queen for Seven Days',2017,8.3,247,60,'15+','2017-05-31','2017-08-03',20),(248,'Memory',2016,8.3,248,65,'15+','2016-03-18','2016-05-07',16),(249,'A Korean Odyssey',2017,8.3,249,80,'15+','2017-12-23','2018-03-04',20),(250,'Voice 4: Judgment Hour',2021,8.3,250,63,'15+','2021-06-18','2021-07-31',14);
/*!40000 ALTER TABLE `drama` ENABLE KEYS */;
UNLOCK TABLES;

--
-- Table structure for table `drama_cast_name`
--

DROP TABLE IF EXISTS `drama_cast_name`;
/*!40101 SET @saved_cs_client     = @@character_set_client */;
/*!50503 SET character_set_client = utf8mb4 */;
CREATE TABLE `drama_cast_name` (
  `cast_name_id` int NOT NULL,
  `drama_id` int NOT NULL,
  PRIMARY KEY (`cast_name_id`,`drama_id`),
  KEY `fk_Cast_Name_has_Drama_Drama1_idx` (`drama_id`),
  KEY `fk_Cast_Name_has_Drama_Cast_Name1_idx` (`cast_name_id`),
  CONSTRAINT `fk_Cast_Name_has_Drama_Cast_Name1` FOREIGN KEY (`cast_name_id`) REFERENCES `cast_name` (`cast_name_id`),
  CONSTRAINT `fk_Cast_Name_has_Drama_Drama1` FOREIGN KEY (`drama_id`) REFERENCES `drama` (`drama_id`)
) ENGINE=InnoDB DEFAULT CHARSET=utf8mb3;
/*!40101 SET character_set_client = @saved_cs_client */;

--
-- Dumping data for table `drama_cast_name`
--

LOCK TABLES `drama_cast_name` WRITE;
/*!40000 ALTER TABLE `drama_cast_name` DISABLE KEYS */;
INSERT INTO `drama_cast_name` VALUES (144,1),(269,1),(275,1),(477,1),(507,1),(750,1),(175,2),(489,2),(559,2),(574,2),(680,2),(722,2),(196,3),(225,3),(265,3),(307,3),(700,3),(795,3),(196,4),(225,4),(265,4),(307,4),(700,4),(795,4),(171,5),(427,5),(478,5),(530,5),(612,5),(739,5),(101,6),(457,6),(470,6),(600,6),(672,6),(744,6),(61,7),(142,7),(401,7),(541,7),(622,7),(707,7),(158,8),(265,8),(365,8),(430,8),(609,8),(773,8),(149,9),(268,9),(474,9),(588,9),(707,9),(790,9),(29,10),(187,10),(212,10),(284,10),(291,10),(603,10),(22,11),(235,11),(356,11),(412,11),(689,11),(699,11),(95,12),(105,12),(138,12),(442,12),(471,12),(475,12),(186,13),(304,13),(399,13),(585,13),(605,13),(688,13),(154,14),(356,14),(522,14),(684,14),(728,14),(768,14),(199,15),(218,15),(416,15),(432,15),(596,15),(737,15),(144,16),(410,16),(568,16),(619,16),(738,16),(804,16),(179,17),(224,17),(329,17),(413,17),(477,17),(546,17),(37,18),(314,18),(371,18),(411,18),(444,18),(795,18),(28,19),(124,19),(232,19),(490,19),(618,19),(631,19),(18,20),(236,20),(244,20),(385,20),(405,20),(674,20),(264,21),(389,21),(536,21),(588,21),(778,21),(812,21),(319,22),(321,22),(382,22),(526,22),(667,22),(819,22),(85,23),(201,23),(366,23),(640,23),(643,23),(788,23),(18,24),(63,24),(229,24),(490,24),(699,24),(787,24),(34,25),(61,25),(411,25),(485,25),(573,25),(682,25),(175,26),(282,26),(453,26),(492,26),(517,26),(624,26),(113,27),(315,27),(458,27),(459,27),(784,27),(796,27),(15,28),(50,28),(388,28),(469,28),(777,28),(790,28),(7,29),(441,29),(467,29),(519,29),(632,29),(766,29),(18,30),(236,30),(303,30),(385,30),(405,30),(674,30),(51,31),(441,31),(475,31),(487,31),(532,31),(573,31),(142,32),(220,32),(255,32),(406,32),(429,32),(725,32),(188,33),(206,33),(336,33),(371,33),(605,33),(629,33),(35,34),(89,34),(398,34),(478,34),(697,34),(756,34),(92,35),(102,35),(454,35),(515,35),(586,35),(752,35),(41,36),(88,36),(178,36),(312,36),(477,36),(663,36),(94,37),(244,37),(265,37),(579,37),(582,37),(657,37),(58,38),(64,38),(74,38),(394,38),(698,38),(776,38),(61,39),(359,39),(387,39),(588,39),(724,39),(750,39),(170,40),(218,40),(391,40),(443,40),(515,40),(705,40),(37,41),(82,41),(377,41),(706,41),(783,41),(809,41),(2,42),(77,42),(305,42),(403,42),(627,42),(666,42),(10,43),(251,43),(311,43),(338,43),(538,43),(612,43),(96,44),(99,44),(326,44),(568,44),(658,44),(818,44),(25,45),(153,45),(255,45),(482,45),(514,45),(702,45),(89,46),(398,46),(478,46),(697,46),(756,46),(805,46),(101,47),(165,47),(232,47),(433,47),(588,47),(783,47),(318,48),(454,48),(666,48),(668,48),(759,48),(811,48),(172,49),(230,49),(346,49),(383,49),(608,49),(737,49),(172,50),(294,50),(346,50),(383,50),(404,50),(737,50),(214,51),(379,51),(397,51),(413,51),(451,51),(668,51),(4,52),(127,52),(350,52),(532,52),(696,52),(714,52),(206,53),(248,53),(439,53),(581,53),(753,53),(756,53),(42,54),(126,54),(444,54),(494,54),(705,54),(755,54),(102,55),(380,55),(454,55),(480,55),(524,55),(738,55),(151,56),(206,56),(422,56),(424,56),(587,56),(645,56),(36,57),(140,57),(171,57),(279,57),(489,57),(573,57),(37,59),(163,59),(279,59),(290,59),(307,59),(533,59),(244,60),(344,60),(601,60),(618,60),(691,60),(787,60),(92,61),(100,61),(198,61),(379,61),(406,61),(463,61),(1,62),(130,62),(184,62),(385,62),(464,62),(611,62),(19,63),(171,63),(220,63),(599,63),(704,63),(776,63),(50,64),(308,64),(578,64),(585,64),(603,64),(722,64),(64,65),(127,65),(178,65),(679,65),(770,65),(795,65),(208,66),(346,66),(521,66),(685,66),(732,66),(737,66),(300,67),(377,67),(452,67),(494,67),(527,67),(671,67),(3,68),(163,68),(458,68),(491,68),(494,68),(630,68),(22,69),(24,69),(179,69),(276,69),(499,69),(744,69),(65,70),(219,70),(284,70),(301,70),(548,70),(801,70),(82,71),(346,71),(459,71),(498,71),(505,71),(725,71),(261,72),(274,72),(287,72),(580,72),(586,72),(635,72),(143,73),(157,73),(204,73),(440,73),(549,73),(769,73),(109,74),(212,74),(222,74),(499,74),(532,74),(744,74),(315,75),(572,75),(621,75),(754,75),(756,75),(759,75),(300,76),(665,76),(723,76),(744,76),(748,76),(751,76),(106,77),(260,77),(356,77),(486,77),(542,77),(726,77),(82,78),(120,78),(213,78),(242,78),(637,78),(701,78),(241,79),(402,79),(542,79),(566,79),(569,79),(571,79),(257,80),(360,80),(413,80),(492,80),(576,80),(578,80),(48,81),(59,81),(311,81),(405,81),(446,81),(712,81),(169,82),(350,82),(432,82),(482,82),(595,82),(768,82),(95,83),(119,83),(136,83),(180,83),(181,83),(720,83),(30,84),(114,84),(201,84),(237,84),(342,84),(389,84),(268,85),(319,85),(417,85),(488,85),(547,85),(675,85),(40,86),(82,86),(494,86),(504,86),(514,86),(582,86),(14,87),(104,87),(115,87),(134,87),(676,87),(730,87),(18,88),(70,88),(191,88),(229,88),(490,88),(812,88),(80,89),(134,89),(204,89),(280,89),(490,89),(725,89),(329,90),(376,90),(494,90),(512,90),(533,90),(625,90),(70,91),(265,91),(421,91),(475,91),(571,91),(717,91),(243,92),(304,92),(399,92),(607,92),(709,92),(784,92),(76,93),(151,93),(247,93),(490,93),(567,93),(796,93),(128,94),(132,94),(603,94),(615,94),(670,94),(810,94),(280,95),(327,95),(492,95),(498,95),(761,95),(812,95),(223,96),(230,96),(596,96),(624,96),(688,96),(764,96),(39,97),(43,97),(125,97),(458,97),(746,97),(759,97),(13,98),(340,98),(490,98),(534,98),(572,98),(808,98),(66,99),(109,99),(366,99),(422,99),(681,99),(713,99),(57,100),(183,100),(493,100),(543,100),(565,100),(664,100),(49,101),(345,101),(386,101),(463,101),(690,101),(809,101),(8,102),(292,102),(389,102),(557,102),(613,102),(669,102),(216,103),(289,103),(292,103),(386,103),(553,103),(607,103),(53,104),(81,104),(324,104),(570,104),(586,104),(611,104),(172,105),(312,105),(346,105),(383,105),(455,105),(737,105),(1,106),(217,106),(288,106),(517,106),(571,106),(709,106),(271,107),(442,107),(449,107),(482,107),(808,107),(811,107),(302,108),(328,108),(535,108),(640,108),(645,108),(663,108),(25,109),(32,109),(370,109),(519,109),(564,109),(709,109),(42,110),(323,110),(394,110),(399,110),(405,110),(518,110),(90,111),(146,111),(252,111),(523,111),(681,111),(708,111),(148,112),(206,112),(266,112),(435,112),(501,112),(517,112),(95,113),(409,113),(501,113),(583,113),(687,113),(695,113),(31,114),(177,114),(338,114),(462,114),(719,114),(774,114),(5,115),(210,115),(346,115),(407,115),(645,115),(731,115),(17,116),(256,116),(495,116),(593,116),(609,116),(759,116),(124,117),(249,117),(312,117),(482,117),(523,117),(535,117),(99,118),(379,118),(543,118),(659,118),(757,118),(793,118),(16,119),(29,119),(270,119),(380,119),(528,119),(591,119),(148,120),(369,120),(438,120),(605,120),(642,120),(781,120),(4,121),(699,121),(758,121),(770,121),(772,121),(815,121),(109,122),(279,122),(345,122),(585,122),(718,122),(777,122),(5,123),(83,123),(111,123),(125,123),(199,123),(484,123),(1,124),(305,124),(310,124),(436,124),(645,124),(787,124),(182,125),(255,125),(331,125),(344,125),(784,125),(812,125),(16,126),(112,126),(361,126),(461,126),(678,126),(776,126),(88,127),(268,127),(313,127),(374,127),(505,127),(602,127),(145,128),(417,128),(506,128),(559,128),(649,128),(736,128),(117,129),(250,129),(252,129),(259,129),(596,129),(620,129),(228,130),(398,130),(445,130),(489,130),(606,130),(675,130),(72,131),(131,131),(252,131),(357,131),(529,131),(789,131),(23,132),(124,132),(204,132),(262,132),(525,132),(606,132),(20,133),(28,133),(105,133),(135,133),(286,133),(432,133),(93,134),(298,134),(378,134),(456,134),(699,134),(765,134),(46,135),(130,135),(320,135),(427,135),(608,135),(654,135),(233,136),(301,136),(552,136),(621,136),(785,136),(798,136),(69,137),(246,137),(310,137),(577,137),(617,137),(634,137),(1,138),(238,138),(315,138),(544,138),(623,138),(629,138),(189,139),(332,139),(602,139),(619,139),(624,139),(672,139),(91,140),(203,140),(348,140),(413,140),(687,140),(784,140),(58,141),(118,141),(341,141),(453,141),(578,141),(628,141),(73,142),(201,142),(296,142),(744,142),(760,142),(767,142),(49,143),(97,143),(644,143),(734,143),(756,143),(793,143),(192,144),(230,144),(428,144),(517,144),(793,144),(819,144),(11,145),(414,145),(438,145),(462,145),(480,145),(719,145),(84,146),(291,146),(526,146),(601,146),(681,146),(694,146),(261,147),(355,147),(362,147),(676,147),(770,147),(800,147),(165,148),(180,148),(191,148),(205,148),(449,148),(474,148),(98,149),(211,149),(263,149),(269,149),(607,149),(646,149),(76,150),(181,150),(447,150),(558,150),(600,150),(681,150),(122,151),(258,151),(373,151),(399,151),(420,151),(776,151),(231,152),(441,152),(466,152),(575,152),(708,152),(813,152),(423,153),(425,153),(496,153),(532,153),(653,153),(805,153),(174,154),(387,154),(517,154),(776,154),(800,154),(806,154),(145,155),(223,155),(330,155),(670,155),(764,155),(788,155),(71,156),(158,156),(176,156),(606,156),(754,156),(810,156),(227,157),(234,157),(480,157),(520,157),(542,157),(587,157),(253,158),(331,158),(425,158),(474,158),(508,158),(667,158),(212,159),(426,159),(482,159),(509,159),(544,159),(650,159),(76,160),(210,160),(301,160),(436,160),(450,160),(578,160),(47,161),(218,161),(375,161),(623,161),(634,161),(684,161),(81,162),(132,162),(262,162),(345,162),(702,162),(762,162),(1,163),(299,163),(338,163),(598,163),(627,163),(640,163),(55,164),(128,164),(132,164),(207,164),(374,164),(603,164),(23,165),(151,165),(206,165),(226,165),(449,165),(453,165),(1,166),(215,166),(285,166),(414,166),(427,166),(592,166),(200,167),(209,167),(368,167),(503,167),(651,167),(818,167),(21,168),(180,168),(280,168),(309,168),(470,168),(638,168),(1,169),(315,169),(437,169),(544,169),(555,169),(629,169),(10,170),(177,170),(390,170),(417,170),(764,170),(770,170),(9,171),(27,171),(181,171),(273,171),(281,171),(285,171),(12,172),(413,172),(430,172),(523,172),(740,172),(749,172),(243,173),(467,173),(503,173),(563,173),(699,173),(710,173),(134,174),(180,174),(211,174),(365,174),(685,174),(805,174),(237,175),(261,175),(274,175),(542,175),(604,175),(743,175),(283,176),(372,176),(594,176),(683,176),(714,176),(802,176),(173,177),(264,177),(291,177),(396,177),(412,177),(816,177),(147,178),(260,178),(364,178),(465,178),(655,178),(813,178),(6,179),(449,179),(505,179),(537,179),(561,179),(679,179),(148,180),(215,180),(300,180),(358,180),(418,180),(458,180),(182,181),(205,181),(460,181),(585,181),(721,181),(722,181),(108,182),(306,182),(363,182),(579,182),(629,182),(711,182),(126,183),(166,183),(239,183),(255,183),(352,183),(741,183),(130,184),(350,184),(613,184),(618,184),(639,184),(797,184),(152,185),(367,185),(386,185),(490,185),(503,185),(640,185),(68,186),(78,186),(92,186),(129,186),(493,186),(809,186),(86,187),(130,187),(230,187),(339,187),(391,187),(572,187),(21,188),(66,188),(286,188),(434,188),(622,188),(763,188),(103,189),(161,189),(435,189),(473,189),(547,189),(779,189),(74,190),(141,190),(150,190),(201,190),(202,190),(589,190),(60,191),(354,191),(554,191),(622,191),(803,191),(817,191),(116,192),(240,192),(242,192),(334,192),(373,192),(559,192),(60,193),(354,193),(554,193),(622,193),(803,193),(817,193),(49,194),(278,194),(522,194),(556,194),(656,194),(660,194),(38,195),(150,195),(176,195),(560,195),(612,195),(660,195),(160,196),(225,196),(284,196),(392,196),(433,196),(601,196),(52,197),(254,197),(347,197),(412,197),(419,197),(442,197),(268,198),(302,198),(307,198),(366,198),(499,198),(641,198),(186,199),(308,199),(341,199),(349,199),(578,199),(606,199),(22,200),(164,200),(193,200),(348,200),(476,200),(500,200),(25,201),(519,201),(531,201),(544,201),(747,201),(795,201),(121,202),(360,202),(479,202),(482,202),(647,202),(699,202),(123,203),(195,203),(393,203),(592,203),(733,203),(735,203),(110,204),(351,204),(502,204),(538,204),(550,204),(779,204),(75,205),(160,205),(277,205),(290,205),(390,205),(708,205),(100,206),(167,206),(191,206),(204,206),(211,206),(381,206),(353,207),(414,207),(462,207),(480,207),(719,207),(729,207),(492,208),(574,208),(673,208),(700,208),(787,208),(800,208),(67,209),(139,209),(267,209),(341,209),(489,209),(502,209),(185,210),(194,210),(343,210),(538,210),(609,210),(788,210),(112,211),(408,211),(490,211),(614,211),(686,211),(792,211),(40,212),(73,212),(291,212),(662,212),(706,212),(782,212),(102,213),(186,213),(268,213),(657,213),(676,213),(681,213),(45,214),(156,214),(205,214),(267,214),(529,214),(800,214),(70,215),(295,215),(392,215),(410,215),(426,215),(524,215),(162,216),(260,216),(316,216),(597,216),(713,216),(720,216),(236,217),(244,217),(322,217),(329,217),(502,217),(742,217),(458,218),(513,218),(585,218),(692,218),(727,218),(784,218),(33,219),(203,219),(321,219),(344,219),(410,219),(420,219),(159,220),(433,220),(661,220),(665,220),(677,220),(716,220),(75,221),(87,221),(201,221),(415,221),(436,221),(572,221),(39,222),(272,222),(389,222),(442,222),(472,222),(595,222),(162,223),(324,223),(474,223),(562,223),(640,223),(686,223),(69,224),(451,224),(471,224),(489,224),(510,224),(688,224),(115,225),(168,225),(338,225),(430,225),(610,225),(786,225),(127,226),(137,226),(237,226),(333,226),(631,226),(686,226),(7,227),(692,227),(693,227),(699,227),(715,227),(745,227),(344,228),(483,228),(518,228),(584,228),(703,228),(794,228),(54,229),(107,229),(293,229),(497,229),(511,229),(771,229),(112,230),(262,230),(414,230),(436,230),(480,230),(488,230),(44,231),(64,231),(79,231),(395,231),(516,231),(709,231),(127,232),(155,232),(177,232),(224,232),(617,232),(706,232),(23,233),(221,233),(258,233),(543,233),(571,233),(684,233),(117,234),(268,234),(325,234),(426,234),(502,234),(807,234),(390,235),(412,235),(448,235),(578,235),(800,235),(815,235),(133,236),(254,236),(705,236),(713,236),(745,236),(786,236),(62,237),(190,237),(363,237),(384,237),(456,237),(775,237),(26,238),(56,238),(245,238),(577,238),(603,238),(667,238),(172,239),(318,239),(370,239),(400,239),(481,239),(812,239),(38,240),(479,240),(540,240),(623,240),(637,240),(706,240),(48,241),(113,241),(304,241),(311,241),(530,241),(799,241),(431,242),(539,242),(551,242),(713,242),(756,242),(804,242),(20,243),(335,243),(384,243),(545,243),(636,243),(648,243),(337,244),(362,244),(616,244),(633,244),(669,244),(807,244),(215,245),(317,245),(361,245),(590,245),(611,245),(652,245),(297,246),(379,246),(560,246),(752,246),(791,246),(808,246),(95,247),(179,247),(289,247),(456,247),(640,247),(780,247),(197,248),(340,248),(492,248),(533,248),(626,248),(814,248),(42,249),(174,249),(459,249),(468,249),(519,249),(591,249),(31,250),(288,250),(353,250),(462,250),(719,250),(740,250);
/*!40000 ALTER TABLE `drama_cast_name` ENABLE KEYS */;
UNLOCK TABLES;

--
-- Table structure for table `drama_day`
--

DROP TABLE IF EXISTS `drama_day`;
/*!40101 SET @saved_cs_client     = @@character_set_client */;
/*!50503 SET character_set_client = utf8mb4 */;
CREATE TABLE `drama_day` (
  `day_id` int NOT NULL,
  `drama_id` int NOT NULL,
  PRIMARY KEY (`day_id`,`drama_id`),
  KEY `fk_day_has_Drama_Drama1_idx` (`drama_id`),
  KEY `fk_day_has_Drama_day1_idx` (`day_id`),
  CONSTRAINT `fk_day_has_Drama_day1` FOREIGN KEY (`day_id`) REFERENCES `day` (`day_id`),
  CONSTRAINT `fk_day_has_Drama_Drama1` FOREIGN KEY (`drama_id`) REFERENCES `drama` (`drama_id`)
) ENGINE=InnoDB DEFAULT CHARSET=utf8mb3;
/*!40101 SET character_set_client = @saved_cs_client */;

--
-- Dumping data for table `drama_day`
--

LOCK TABLES `drama_day` WRITE;
/*!40000 ALTER TABLE `drama_day` DISABLE KEYS */;
INSERT INTO `drama_day` VALUES (6,1),(4,2),(5,2),(5,3),(5,4),(4,5),(5,5),(6,6),(7,6),(6,7),(4,8),(5,8),(1,9),(7,9),(4,10),(5,10),(1,11),(7,11),(4,12),(5,12),(1,13),(7,13),(1,14),(7,14),(1,15),(7,15),(2,16),(3,16),(6,17),(7,17),(1,18),(7,18),(6,19),(7,19),(6,20),(6,21),(7,21),(6,22),(7,22),(2,23),(3,23),(1,24),(7,24),(1,25),(7,25),(6,26),(7,26),(6,27),(7,27),(1,28),(7,28),(4,29),(5,29),(6,30),(4,31),(5,31),(6,32),(1,33),(7,33),(2,34),(3,34),(2,35),(3,35),(6,36),(7,36),(1,37),(7,37),(6,38),(7,38),(2,39),(3,39),(1,40),(7,40),(2,41),(3,41),(2,42),(3,42),(4,43),(5,43),(6,44),(7,44),(4,45),(5,45),(6,46),(7,46),(6,47),(7,47),(2,48),(3,48),(1,49),(7,49),(1,50),(7,50),(6,51),(7,51),(2,52),(3,52),(2,53),(3,53),(1,54),(7,54),(6,55),(4,56),(5,56),(2,57),(3,57),(2,58),(3,58),(6,59),(7,59),(6,60),(7,60),(6,61),(7,61),(6,62),(1,63),(7,63),(6,64),(7,64),(2,65),(3,65),(4,66),(5,66),(4,67),(5,67),(1,68),(7,68),(1,69),(7,69),(1,70),(7,70),(1,71),(7,71),(2,72),(3,72),(2,73),(3,73),(4,74),(5,74),(1,75),(7,75),(2,76),(3,76),(2,77),(3,77),(4,78),(5,78),(4,79),(5,79),(4,80),(5,80),(6,81),(6,82),(7,82),(6,83),(7,83),(2,84),(3,84),(1,85),(7,85),(1,86),(7,86),(1,87),(7,87),(1,88),(7,88),(2,89),(3,89),(6,90),(2,91),(3,91),(4,92),(5,92),(4,93),(5,93),(6,94),(7,94),(2,95),(3,95),(1,96),(7,96),(6,97),(7,97),(2,98),(3,98),(4,99),(5,99),(4,100),(5,100),(2,101),(3,101),(2,102),(3,102),(7,103),(6,104),(7,104),(1,105),(7,105),(2,106),(3,106),(4,107),(5,107),(4,108),(5,108),(6,109),(7,109),(1,110),(7,110),(3,111),(6,112),(7,112),(1,113),(7,113),(1,114),(7,114),(2,115),(3,115),(6,116),(4,117),(5,117),(2,118),(3,118),(2,119),(3,119),(4,119),(4,120),(5,120),(2,121),(3,121),(4,122),(5,122),(6,123),(7,123),(6,124),(7,124),(1,125),(7,125),(2,126),(3,126),(2,127),(3,127),(4,128),(5,128),(6,129),(7,129),(4,130),(5,130),(6,131),(2,132),(3,132),(6,133),(7,133),(4,134),(5,134),(6,135),(7,135),(6,136),(4,137),(6,138),(7,138),(1,139),(7,139),(4,140),(5,140),(6,141),(7,141),(4,142),(5,142),(4,143),(5,143),(4,144),(5,144),(1,145),(7,145),(2,146),(3,146),(1,147),(7,147),(4,148),(5,148),(1,149),(7,149),(2,150),(3,150),(4,151),(5,151),(1,152),(7,152),(6,153),(7,153),(2,154),(3,154),(4,155),(5,155),(2,156),(3,156),(2,157),(3,157),(4,158),(5,158),(4,159),(5,159),(4,160),(5,160),(4,161),(5,161),(2,162),(3,162),(4,163),(5,163),(6,164),(7,164),(4,165),(5,165),(2,166),(3,166),(6,167),(4,168),(5,168),(6,169),(6,170),(7,170),(4,171),(5,171),(1,172),(7,172),(4,173),(5,173),(4,174),(5,174),(2,175),(3,175),(4,176),(2,177),(3,177),(4,178),(5,178),(2,179),(3,179),(4,180),(5,180),(2,181),(3,181),(2,182),(3,182),(4,183),(5,183),(4,184),(4,185),(5,185),(4,186),(5,186),(2,187),(3,187),(2,188),(3,188),(6,189),(7,189),(6,190),(6,191),(2,192),(3,192),(6,193),(4,194),(4,195),(5,195),(6,196),(7,196),(2,197),(3,197),(2,198),(5,198),(6,199),(7,199),(4,200),(5,200),(2,201),(3,201),(2,202),(3,202),(2,203),(3,203),(1,204),(2,205),(3,205),(4,205),(5,205),(6,205),(6,206),(7,206),(1,207),(7,207),(1,208),(7,208),(6,209),(7,209),(6,210),(2,211),(3,211),(4,212),(5,212),(4,213),(5,213),(1,214),(7,214),(2,215),(3,215),(4,216),(5,216),(6,217),(7,217),(4,218),(5,218),(4,219),(5,219),(2,220),(3,220),(4,221),(5,221),(1,222),(7,222),(2,223),(3,223),(1,224),(7,224),(2,225),(3,225),(1,226),(7,226),(1,227),(7,227),(3,228),(3,229),(5,229),(1,230),(7,230),(2,231),(3,231),(4,232),(5,232),(4,233),(5,233),(6,234),(7,234),(2,235),(3,235),(2,236),(3,236),(1,237),(2,238),(3,238),(1,239),(7,239),(4,240),(5,240),(2,241),(3,241),(4,242),(5,242),(4,243),(7,243),(4,244),(5,244),(7,245),(1,246),(7,246),(4,247),(5,247),(6,248),(7,248),(1,249),(7,249),(6,250),(7,250);
/*!40000 ALTER TABLE `drama_day` ENABLE KEYS */;
UNLOCK TABLES;

--
-- Table structure for table `drama_director`
--

DROP TABLE IF EXISTS `drama_director`;
/*!40101 SET @saved_cs_client     = @@character_set_client */;
/*!50503 SET character_set_client = utf8mb4 */;
CREATE TABLE `drama_director` (
  `director_id` int NOT NULL,
  `drama_id` int NOT NULL,
  PRIMARY KEY (`director_id`,`drama_id`),
  KEY `fk_Director_has_Drama_Drama1_idx` (`drama_id`),
  KEY `fk_Director_has_Drama_Director1_idx` (`director_id`),
  CONSTRAINT `fk_Director_has_Drama_Director1` FOREIGN KEY (`director_id`) REFERENCES `director` (`director_id`),
  CONSTRAINT `fk_Director_has_Drama_Drama1` FOREIGN KEY (`drama_id`) REFERENCES `drama` (`drama_id`)
) ENGINE=InnoDB DEFAULT CHARSET=utf8mb3;
/*!40101 SET character_set_client = @saved_cs_client */;

--
-- Dumping data for table `drama_director`
--

LOCK TABLES `drama_director` WRITE;
/*!40000 ALTER TABLE `drama_director` DISABLE KEYS */;
INSERT INTO `drama_director` VALUES (133,1),(63,2),(108,2),(192,3),(192,4),(27,5),(138,5),(61,6),(192,6),(208,7),(192,8),(181,9),(203,10),(207,11),(62,12),(108,12),(10,13),(187,13),(154,14),(111,15),(77,16),(138,17),(149,18),(65,19),(48,20),(134,20),(92,21),(60,22),(137,22),(21,23),(158,23),(65,24),(29,25),(100,25),(59,26),(101,26),(149,27),(206,28),(13,29),(71,29),(134,30),(44,31),(176,31),(81,32),(72,33),(97,34),(33,35),(199,35),(183,36),(154,37),(190,38),(96,39),(204,40),(191,41),(140,42),(112,43),(82,44),(53,45),(175,45),(97,46),(108,47),(74,48),(138,49),(138,50),(46,51),(116,51),(35,52),(203,52),(10,53),(96,53),(38,54),(128,54),(149,55),(17,56),(118,56),(128,57),(185,58),(138,59),(150,60),(159,61),(119,62),(175,63),(99,64),(53,65),(203,65),(34,66),(68,66),(131,67),(146,68),(43,69),(128,69),(58,70),(172,70),(131,71),(6,72),(174,72),(145,73),(128,74),(111,75),(69,76),(147,77),(2,78),(207,78),(72,79),(4,80),(152,80),(109,81),(1,82),(175,82),(74,83),(41,84),(78,84),(153,85),(153,86),(170,87),(179,88),(205,89),(82,90),(154,91),(8,92),(175,92),(98,93),(166,94),(120,95),(135,96),(206,97),(129,98),(91,99),(26,100),(143,100),(118,101),(157,102),(23,103),(194,103),(177,104),(138,105),(60,106),(186,106),(94,107),(181,108),(203,109),(159,110),(192,111),(94,112),(204,113),(112,114),(19,115),(160,115),(84,116),(89,117),(25,118),(178,118),(166,119),(158,120),(94,121),(2,122),(105,122),(113,123),(28,124),(104,124),(92,125),(11,126),(169,126),(44,127),(181,127),(23,128),(179,128),(194,129),(3,130),(198,130),(126,131),(32,132),(130,132),(182,133),(158,134),(171,135),(151,136),(119,137),(161,138),(47,139),(83,139),(107,140),(117,141),(139,142),(89,143),(20,144),(196,144),(163,145),(144,146),(155,147),(31,148),(100,148),(150,149),(45,150),(120,150),(18,151),(165,151),(162,152),(164,153),(111,154),(85,155),(189,156),(107,157),(27,158),(130,158),(94,159),(7,160),(199,160),(95,161),(144,162),(82,163),(26,164),(166,164),(34,165),(68,165),(90,166),(12,167),(141,167),(173,168),(161,169),(120,170),(180,171),(73,172),(91,173),(71,174),(174,175),(201,176),(14,177),(36,177),(110,177),(155,178),(197,179),(9,180),(106,180),(93,181),(107,182),(66,183),(111,184),(91,185),(49,186),(200,186),(44,187),(155,187),(124,188),(125,189),(132,190),(75,191),(15,192),(121,192),(24,194),(107,194),(130,195),(204,196),(148,197),(74,198),(136,199),(76,200),(22,201),(193,201),(188,202),(25,203),(156,203),(206,204),(42,205),(195,205),(171,206),(172,207),(62,208),(108,208),(30,209),(76,209),(112,210),(70,211),(152,212),(204,213),(102,214),(51,215),(198,215),(50,216),(184,216),(86,217),(181,218),(67,219),(55,220),(127,220),(185,221),(160,222),(79,223),(119,224),(124,225),(65,226),(123,227),(80,228),(167,229),(88,230),(112,231),(56,232),(86,232),(54,233),(96,233),(87,234),(40,235),(94,235),(39,236),(114,236),(172,237),(37,238),(197,238),(22,239),(57,239),(142,239),(5,240),(103,240),(168,241),(52,242),(115,242),(202,243),(122,244),(163,245),(82,246),(158,247),(177,248),(16,249),(22,249),(178,249),(64,250),(194,250);
/*!40000 ALTER TABLE `drama_director` ENABLE KEYS */;
UNLOCK TABLES;

--
-- Table structure for table `drama_genre`
--

DROP TABLE IF EXISTS `drama_genre`;
/*!40101 SET @saved_cs_client     = @@character_set_client */;
/*!50503 SET character_set_client = utf8mb4 */;
CREATE TABLE `drama_genre` (
  `genre_id` int NOT NULL,
  `drama_id` int NOT NULL,
  PRIMARY KEY (`genre_id`,`drama_id`),
  KEY `fk_Genre_has_Drama_Drama1_idx` (`drama_id`),
  KEY `fk_Genre_has_Drama_Genre1_idx` (`genre_id`),
  CONSTRAINT `fk_Genre_has_Drama_Drama1` FOREIGN KEY (`drama_id`) REFERENCES `drama` (`drama_id`),
  CONSTRAINT `fk_Genre_has_Drama_Genre1` FOREIGN KEY (`genre_id`) REFERENCES `genre` (`genre_id`)
) ENGINE=InnoDB DEFAULT CHARSET=utf8mb3;
/*!40101 SET character_set_client = @saved_cs_client */;

--
-- Dumping data for table `drama_genre`
--

LOCK TABLES `drama_genre` WRITE;
/*!40000 ALTER TABLE `drama_genre` DISABLE KEYS */;
INSERT INTO `drama_genre` VALUES (6,1),(7,1),(14,1),(5,2),(16,2),(22,2),(28,2),(10,3),(14,3),(15,3),(22,3),(10,4),(14,4),(15,4),(22,4),(6,5),(7,5),(14,5),(21,5),(4,6),(7,6),(22,6),(29,6),(1,7),(6,7),(29,7),(4,8),(5,8),(6,8),(14,8),(1,9),(8,9),(11,9),(22,9),(6,10),(13,10),(14,10),(22,10),(4,11),(11,11),(19,11),(22,11),(16,12),(19,12),(21,12),(28,12),(4,13),(6,13),(21,13),(22,13),(4,14),(17,14),(20,14),(22,14),(4,15),(5,15),(6,15),(13,15),(6,16),(7,16),(10,16),(14,16),(19,17),(24,17),(28,17),(11,18),(16,18),(17,18),(22,18),(1,19),(6,19),(8,19),(28,19),(11,20),(12,20),(27,20),(28,20),(6,21),(7,21),(19,21),(21,21),(1,22),(6,22),(8,22),(28,22),(1,23),(19,23),(22,23),(28,23),(6,24),(13,24),(19,24),(28,24),(6,25),(14,25),(16,25),(22,25),(6,26),(11,26),(16,26),(22,26),(4,27),(8,27),(16,27),(22,27),(1,28),(6,28),(19,28),(27,28),(19,29),(24,29),(28,29),(11,30),(12,30),(20,30),(28,30),(4,31),(22,31),(26,31),(29,31),(1,32),(4,32),(6,32),(17,32),(5,33),(6,33),(13,33),(19,33),(6,34),(7,34),(19,34),(28,34),(6,35),(11,35),(16,35),(22,35),(1,36),(6,36),(19,36),(28,36),(1,37),(4,37),(19,37),(27,37),(6,38),(19,38),(21,38),(28,38),(4,39),(10,39),(26,39),(29,39),(4,40),(14,40),(22,40),(1,41),(6,41),(11,41),(20,41),(6,42),(14,42),(22,42),(29,42),(12,43),(19,43),(27,43),(28,43),(6,44),(7,44),(14,44),(16,44),(6,45),(8,45),(19,45),(22,45),(6,46),(7,46),(19,46),(28,46),(4,47),(20,47),(22,47),(27,47),(6,48),(8,48),(14,48),(22,48),(8,49),(11,49),(20,49),(22,49),(8,50),(11,50),(20,50),(22,50),(5,51),(6,51),(19,51),(28,51),(6,52),(15,52),(16,52),(22,52),(6,53),(13,53),(19,53),(28,53),(6,54),(14,54),(16,54),(22,54),(6,55),(12,55),(24,55),(27,55),(4,56),(6,56),(21,56),(22,56),(11,57),(16,57),(22,57),(4,58),(6,58),(22,58),(3,59),(6,59),(10,59),(14,59),(1,60),(4,60),(6,60),(22,60),(27,60),(28,60),(1,61),(4,61),(5,61),(19,61),(1,62),(5,62),(28,62),(4,63),(8,63),(12,63),(22,63),(6,64),(16,64),(26,64),(6,65),(15,65),(22,65),(1,66),(4,66),(16,66),(22,66),(5,67),(6,67),(13,67),(19,67),(6,68),(12,68),(21,68),(28,68),(4,69),(5,69),(10,69),(22,69),(8,70),(19,70),(24,70),(28,70),(6,71),(14,71),(16,71),(22,71),(6,72),(13,72),(15,72),(19,72),(9,73),(11,73),(15,73),(22,73),(4,74),(6,74),(21,74),(22,74),(1,75),(6,75),(19,75),(28,75),(4,76),(8,76),(15,76),(27,76),(4,77),(6,77),(14,77),(29,77),(1,78),(11,78),(20,78),(22,78),(5,79),(6,79),(19,79),(21,79),(28,79),(3,80),(4,80),(5,80),(6,80),(6,81),(19,81),(28,81),(6,82),(13,82),(19,82),(28,82),(4,83),(6,83),(7,83),(14,83),(22,83),(23,83),(27,83),(11,84),(16,84),(20,84),(22,84),(4,85),(6,85),(7,85),(22,85),(4,86),(6,86),(7,86),(22,86),(19,87),(27,87),(28,87),(6,88),(13,88),(19,88),(28,88),(6,89),(19,89),(20,89),(28,89),(6,90),(13,90),(1,91),(5,91),(22,91),(28,91),(4,92),(6,92),(22,92),(27,92),(4,93),(7,93),(8,93),(19,93),(10,94),(14,94),(22,94),(29,94),(16,95),(21,95),(22,95),(1,96),(6,96),(19,96),(28,96),(1,97),(4,97),(19,97),(28,97),(6,98),(8,98),(19,98),(28,98),(4,99),(12,99),(22,99),(27,99),(4,100),(6,100),(10,100),(14,100),(1,101),(11,101),(22,101),(28,101),(6,102),(16,102),(19,102),(28,102),(1,103),(5,103),(21,103),(28,103),(7,104),(14,104),(16,104),(23,104),(8,105),(11,105),(20,105),(22,105),(1,106),(6,106),(24,106),(28,106),(13,107),(19,107),(22,107),(27,107),(3,108),(4,108),(10,108),(22,108),(1,109),(5,109),(19,109),(28,109),(5,110),(13,110),(19,110),(28,110),(4,111),(7,111),(14,111),(22,111),(14,112),(15,112),(19,112),(22,112),(6,113),(16,113),(22,113),(27,113),(19,114),(21,114),(28,114),(3,115),(4,115),(22,115),(26,115),(1,116),(6,116),(19,116),(28,116),(4,117),(8,117),(22,117),(28,117),(6,118),(11,118),(20,118),(22,118),(4,119),(6,119),(22,119),(4,120),(6,120),(22,120),(4,121),(18,121),(19,121),(22,121),(4,122),(6,122),(7,122),(22,122),(28,122),(4,123),(14,123),(16,123),(22,123),(3,124),(6,124),(14,124),(22,124),(6,125),(16,125),(20,125),(22,125),(19,126),(24,126),(28,126),(4,127),(6,127),(14,127),(22,127),(1,128),(11,128),(20,128),(22,128),(6,129),(19,129),(28,129),(1,130),(6,130),(19,130),(28,130),(4,131),(6,131),(14,131),(2,132),(11,132),(19,132),(22,132),(3,133),(4,133),(14,133),(22,133),(4,134),(6,134),(8,134),(22,134),(6,135),(16,135),(22,135),(28,135),(1,136),(12,136),(24,136),(28,136),(5,137),(6,137),(21,137),(29,137),(4,138),(6,138),(21,138),(22,138),(6,139),(14,139),(16,139),(4,140),(8,140),(11,140),(22,140),(4,141),(6,141),(13,141),(6,142),(14,142),(15,142),(22,142),(4,143),(6,143),(22,143),(24,143),(1,144),(19,144),(27,144),(28,144),(19,145),(21,145),(28,145),(4,146),(6,146),(8,146),(22,146),(19,147),(24,147),(28,147),(3,148),(4,148),(6,148),(22,148),(4,149),(8,149),(19,149),(22,149),(6,150),(19,150),(21,150),(28,150),(11,151),(20,151),(22,151),(27,151),(19,152),(24,152),(28,152),(4,153),(6,153),(22,153),(11,154),(16,154),(20,154),(22,154),(1,155),(19,155),(28,155),(4,156),(6,156),(14,156),(16,156),(19,157),(22,157),(27,157),(4,158),(8,158),(22,158),(29,158),(4,159),(19,159),(22,159),(28,159),(5,160),(13,160),(15,160),(28,160),(6,161),(16,161),(22,161),(26,161),(6,162),(14,162),(3,163),(4,163),(6,163),(22,163),(4,164),(14,164),(19,164),(22,164),(6,165),(16,165),(22,165),(1,166),(13,166),(17,166),(19,166),(6,167),(11,167),(16,167),(22,167),(4,168),(8,168),(22,168),(4,169),(14,169),(22,169),(1,170),(6,170),(11,170),(22,170),(4,171),(8,171),(19,171),(28,171),(1,172),(4,172),(19,172),(28,172),(4,173),(6,173),(8,173),(22,173),(16,174),(19,174),(22,174),(28,174),(13,175),(15,175),(19,175),(28,175),(4,176),(6,176),(22,176),(29,176),(1,177),(4,177),(11,177),(22,177),(4,178),(5,178),(19,178),(28,178),(4,179),(16,179),(22,179),(27,179),(8,180),(12,180),(22,180),(28,180),(1,181),(6,181),(19,181),(28,181),(19,182),(22,182),(27,182),(28,182),(6,183),(14,183),(16,183),(22,183),(18,184),(22,184),(1,185),(5,185),(28,185),(13,186),(19,186),(28,186),(29,186),(4,187),(6,187),(11,187),(22,187),(14,188),(22,188),(29,188),(16,189),(22,189),(28,189),(6,190),(8,190),(18,190),(21,190),(12,191),(19,191),(27,191),(29,191),(6,192),(14,192),(15,192),(22,192),(4,193),(14,193),(6,194),(14,194),(22,194),(29,194),(4,195),(6,195),(22,195),(29,195),(4,196),(22,196),(27,196),(28,196),(6,197),(19,197),(27,197),(28,197),(4,198),(14,198),(25,198),(1,199),(5,199),(19,199),(28,199),(6,200),(16,200),(19,200),(28,200),(1,201),(8,201),(11,201),(22,201),(11,202),(16,202),(18,202),(22,202),(2,203),(6,203),(11,203),(22,203),(1,204),(6,204),(19,204),(27,204),(3,205),(16,205),(22,205),(16,206),(19,206),(22,206),(28,206),(5,207),(19,207),(21,207),(28,207),(6,208),(13,208),(19,208),(28,208),(6,209),(8,209),(13,209),(19,209),(1,210),(5,210),(19,210),(28,210),(4,211),(8,211),(22,211),(24,211),(6,212),(14,212),(22,212),(26,212),(6,213),(19,213),(22,213),(28,213),(1,214),(4,214),(6,214),(19,214),(1,215),(5,215),(13,215),(19,215),(28,215),(1,216),(4,216),(19,216),(22,216),(4,217),(13,217),(19,217),(22,217),(4,218),(6,218),(13,218),(22,218),(4,219),(6,219),(16,219),(4,220),(8,220),(13,220),(22,220),(4,221),(13,221),(22,221),(28,221),(6,222),(19,222),(28,222),(6,223),(14,223),(16,223),(22,223),(1,224),(13,224),(22,224),(28,224),(4,225),(6,225),(22,225),(6,226),(19,226),(20,226),(28,226),(4,227),(6,227),(16,227),(22,227),(2,228),(8,228),(14,228),(16,228),(6,229),(22,229),(29,229),(6,230),(8,230),(19,230),(28,230),(6,231),(19,231),(21,231),(28,231),(11,232),(19,232),(20,232),(6,233),(16,233),(22,233),(27,233),(6,234),(15,234),(22,234),(5,235),(8,235),(19,235),(28,235),(4,236),(13,236),(14,236),(22,236),(1,237),(4,237),(5,237),(19,237),(6,238),(11,238),(22,238),(4,239),(6,239),(16,239),(22,239),(4,240),(6,240),(11,240),(22,240),(4,241),(6,241),(9,241),(22,241),(19,242),(28,242),(6,243),(14,243),(22,243),(29,243),(15,244),(19,244),(6,245),(19,245),(28,245),(8,246),(11,246),(15,246),(22,246),(11,247),(16,247),(20,247),(22,247),(6,248),(13,248),(14,248),(22,248),(4,249),(8,249),(12,249),(22,249),(1,250),(5,250),(19,250),(28,250);
/*!40000 ALTER TABLE `drama_genre` ENABLE KEYS */;
UNLOCK TABLES;

--
-- Table structure for table `drama_original_network`
--

DROP TABLE IF EXISTS `drama_original_network`;
/*!40101 SET @saved_cs_client     = @@character_set_client */;
/*!50503 SET character_set_client = utf8mb4 */;
CREATE TABLE `drama_original_network` (
  `original_network_id` int NOT NULL,
  `drama_id` int NOT NULL,
  PRIMARY KEY (`original_network_id`,`drama_id`),
  KEY `fk_Original_Network_has_Drama_Drama1_idx` (`drama_id`),
  KEY `fk_Original_Network_has_Drama_Original_Network1_idx` (`original_network_id`),
  CONSTRAINT `fk_Original_Network_has_Drama_Drama1` FOREIGN KEY (`drama_id`) REFERENCES `drama` (`drama_id`),
  CONSTRAINT `fk_Original_Network_has_Drama_Original_Network1` FOREIGN KEY (`original_network_id`) REFERENCES `original_network` (`original_network_id`)
) ENGINE=InnoDB DEFAULT CHARSET=utf8mb3;
/*!40101 SET character_set_client = @saved_cs_client */;

--
-- Dumping data for table `drama_original_network`
--

LOCK TABLES `drama_original_network` WRITE;
/*!40000 ALTER TABLE `drama_original_network` DISABLE KEYS */;
INSERT INTO `drama_original_network` VALUES (13,1),(18,2),(13,3),(18,3),(13,4),(18,4),(18,5),(18,6),(22,7),(13,8),(18,8),(13,9),(18,9),(5,10),(13,10),(18,11),(18,12),(13,13),(18,13),(13,14),(18,14),(13,15),(18,15),(13,16),(18,16),(18,17),(13,18),(18,18),(18,19),(13,20),(8,21),(10,22),(13,22),(9,23),(13,24),(18,24),(13,25),(18,25),(10,26),(19,26),(18,27),(13,28),(14,28),(18,29),(13,30),(10,31),(13,32),(18,33),(16,34),(9,35),(16,36),(14,37),(8,38),(13,39),(16,39),(13,40),(18,40),(16,41),(13,42),(16,42),(14,43),(18,44),(16,45),(16,46),(18,47),(8,48),(13,49),(18,49),(13,50),(18,50),(16,51),(16,52),(16,53),(13,54),(18,54),(13,55),(10,56),(16,57),(13,58),(16,58),(18,59),(8,60),(16,61),(13,62),(18,63),(16,64),(16,65),(9,66),(8,67),(13,67),(14,68),(13,69),(18,69),(14,70),(8,71),(13,71),(10,72),(10,73),(16,74),(13,75),(18,75),(18,76),(8,77),(9,78),(10,79),(9,80),(18,81),(6,82),(10,82),(9,83),(10,84),(9,85),(9,86),(14,87),(13,88),(18,88),(13,89),(18,89),(13,90),(8,91),(16,92),(8,93),(13,93),(8,94),(8,95),(14,96),(7,97),(18,97),(10,98),(16,99),(18,100),(10,101),(16,102),(14,103),(8,104),(19,104),(13,105),(18,105),(10,106),(16,107),(18,108),(13,109),(16,109),(20,110),(18,111),(16,112),(13,113),(18,113),(14,114),(9,115),(13,116),(10,117),(10,118),(3,119),(13,119),(9,120),(16,121),(9,122),(13,122),(8,123),(19,123),(8,124),(13,124),(8,125),(18,126),(18,127),(9,128),(14,129),(18,129),(10,130),(18,131),(10,132),(5,133),(15,133),(9,134),(8,135),(13,136),(13,137),(18,138),(7,139),(8,139),(18,140),(16,141),(9,142),(20,142),(10,143),(18,144),(14,145),(18,146),(20,146),(14,147),(18,148),(10,149),(20,149),(9,150),(10,151),(14,152),(18,153),(18,154),(9,155),(18,156),(18,157),(10,158),(16,159),(9,160),(9,161),(18,162),(18,163),(8,164),(9,165),(18,166),(1,167),(7,168),(18,168),(18,169),(8,170),(13,170),(9,171),(14,172),(16,173),(10,174),(10,175),(22,176),(9,177),(18,178),(8,179),(18,180),(8,181),(18,182),(10,183),(13,183),(4,184),(16,185),(14,186),(18,187),(7,188),(9,188),(19,188),(2,189),(13,190),(23,191),(9,192),(23,193),(6,194),(18,195),(18,196),(16,197),(12,198),(10,199),(11,200),(10,201),(13,202),(16,202),(10,203),(14,204),(16,205),(8,206),(14,207),(18,208),(16,209),(20,209),(13,210),(9,211),(8,212),(13,212),(18,213),(14,214),(10,215),(10,216),(13,217),(16,217),(18,218),(10,219),(10,220),(16,221),(13,222),(18,222),(8,223),(19,223),(18,224),(9,225),(14,226),(9,227),(3,228),(19,229),(13,230),(18,230),(18,231),(16,232),(16,233),(8,234),(18,235),(9,236),(17,237),(9,238),(13,238),(16,239),(10,240),(13,240),(10,241),(16,242),(12,243),(21,243),(14,244),(14,245),(18,246),(9,247),(18,248),(13,249),(18,249),(18,250);
/*!40000 ALTER TABLE `drama_original_network` ENABLE KEYS */;
UNLOCK TABLES;

--
-- Table structure for table `drama_production_company`
--

DROP TABLE IF EXISTS `drama_production_company`;
/*!40101 SET @saved_cs_client     = @@character_set_client */;
/*!50503 SET character_set_client = utf8mb4 */;
CREATE TABLE `drama_production_company` (
  `production_company_id` int NOT NULL,
  `drama_id` int NOT NULL,
  PRIMARY KEY (`production_company_id`,`drama_id`),
  KEY `fk_Production_Companies_has_Drama_Drama1_idx` (`drama_id`),
  KEY `fk_Production_Companies_has_Drama_Production_Companies1_idx` (`production_company_id`),
  CONSTRAINT `fk_Production_Companies_has_Drama_Drama1` FOREIGN KEY (`drama_id`) REFERENCES `drama` (`drama_id`),
  CONSTRAINT `fk_Production_Companies_has_Drama_Production_Companies1` FOREIGN KEY (`production_company_id`) REFERENCES `production_company` (`production_company_id`)
) ENGINE=InnoDB DEFAULT CHARSET=utf8mb3;
/*!40101 SET character_set_client = @saved_cs_client */;

--
-- Dumping data for table `drama_production_company`
--

LOCK TABLES `drama_production_company` WRITE;
/*!40000 ALTER TABLE `drama_production_company` DISABLE KEYS */;
INSERT INTO `drama_production_company` VALUES (104,1),(109,1),(95,2),(23,3),(41,3),(23,4),(41,4),(22,5),(23,6),(111,7),(157,8),(55,9),(139,9),(9,10),(78,10),(97,10),(32,11),(164,11),(154,12),(48,13),(134,13),(33,14),(139,14),(83,15),(139,16),(149,16),(9,17),(62,18),(139,18),(139,19),(9,20),(39,21),(53,21),(142,22),(147,22),(75,23),(65,24),(127,24),(62,25),(103,26),(160,26),(62,27),(100,28),(56,29),(140,29),(9,30),(22,31),(24,32),(123,32),(139,33),(146,33),(22,34),(144,34),(133,35),(50,36),(144,36),(112,37),(21,38),(69,38),(110,39),(120,39),(52,40),(139,40),(6,41),(142,42),(147,42),(139,43),(139,44),(126,45),(22,46),(144,46),(139,47),(154,47),(69,48),(76,49),(139,49),(76,50),(139,50),(144,51),(119,52),(127,53),(152,53),(52,54),(139,55),(142,55),(59,56),(110,56),(11,57),(51,57),(99,57),(164,57),(70,58),(77,58),(104,59),(39,60),(68,60),(119,61),(145,62),(52,63),(47,64),(119,65),(12,66),(35,66),(71,66),(101,66),(49,67),(69,67),(143,67),(142,68),(162,68),(52,69),(154,70),(22,71),(129,71),(143,71),(53,72),(88,73),(23,74),(51,74),(139,75),(18,76),(139,76),(20,77),(39,77),(19,78),(73,78),(110,78),(90,79),(83,80),(79,81),(138,81),(3,82),(9,82),(139,82),(28,83),(73,83),(167,83),(159,84),(63,85),(18,86),(139,86),(87,87),(65,88),(127,88),(36,89),(47,90),(52,90),(40,91),(53,92),(39,93),(119,93),(21,94),(39,94),(21,95),(54,96),(93,97),(139,97),(53,98),(18,99),(68,100),(57,101),(61,101),(151,102),(158,103),(92,104),(102,104),(76,105),(139,105),(16,106),(105,106),(38,107),(75,107),(18,108),(21,109),(22,110),(48,110),(141,110),(23,111),(76,112),(92,113),(29,114),(110,115),(128,116),(22,117),(156,118),(70,119),(117,119),(31,120),(95,120),(18,121),(110,122),(119,123),(69,124),(125,124),(166,124),(69,125),(76,126),(139,126),(157,126),(92,127),(139,127),(72,128),(43,129),(139,129),(68,130),(18,131),(9,132),(85,132),(81,133),(110,133),(95,134),(159,134),(13,135),(69,135),(44,136),(75,136),(136,137),(82,138),(91,138),(139,138),(142,138),(20,139),(39,139),(22,140),(144,141),(4,142),(25,142),(86,143),(137,144),(29,145),(139,146),(146,146),(22,147),(62,148),(119,149),(23,150),(110,151),(37,152),(87,153),(52,154),(21,155),(64,155),(84,156),(115,156),(157,156),(22,157),(68,157),(84,158),(88,158),(115,158),(63,159),(67,160),(15,161),(139,162),(18,163),(39,164),(148,164),(29,165),(121,165),(83,166),(139,166),(2,167),(17,167),(89,167),(30,168),(39,168),(69,168),(82,169),(91,169),(139,169),(142,169),(21,170),(96,170),(86,171),(95,171),(66,172),(33,173),(139,173),(27,174),(64,174),(53,175),(31,176),(95,177),(112,177),(153,177),(74,178),(146,179),(165,179),(58,180),(139,180),(16,181),(69,181),(68,182),(68,183),(116,184),(163,184),(131,185),(68,186),(9,187),(159,188),(114,189),(129,190),(166,190),(164,191),(83,192),(164,193),(146,194),(155,194),(18,195),(142,195),(22,196),(29,197),(77,198),(150,198),(1,199),(10,199),(88,199),(119,200),(119,201),(151,202),(22,203),(107,203),(26,204),(60,205),(122,205),(132,206),(29,207),(5,208),(77,209),(119,209),(14,210),(166,210),(72,211),(87,212),(166,212),(45,213),(139,213),(154,213),(166,214),(46,215),(98,215),(88,216),(94,216),(74,217),(90,218),(166,218),(75,220),(151,221),(68,222),(5,223),(83,224),(8,225),(139,226),(9,227),(80,228),(113,228),(161,229),(124,230),(139,230),(7,231),(43,231),(63,232),(53,233),(118,234),(75,235),(135,235),(72,236),(94,236),(108,236),(56,237),(112,237),(130,237),(95,238),(133,238),(23,239),(62,239),(22,240),(53,242),(111,243),(34,244),(42,244),(23,245),(88,245),(18,246),(95,247),(106,247),(92,248),(68,249),(132,250);
/*!40000 ALTER TABLE `drama_production_company` ENABLE KEYS */;
UNLOCK TABLES;

--
-- Table structure for table `drama_screenwriter`
--

DROP TABLE IF EXISTS `drama_screenwriter`;
/*!40101 SET @saved_cs_client     = @@character_set_client */;
/*!50503 SET character_set_client = utf8mb4 */;
CREATE TABLE `drama_screenwriter` (
  `drama_id` int NOT NULL,
  `screenwriter_id` int NOT NULL,
  PRIMARY KEY (`drama_id`,`screenwriter_id`),
  KEY `fk_Drama_has_Screenwriter_Screenwriter1_idx` (`screenwriter_id`),
  KEY `fk_Drama_has_Screenwriter_Drama1_idx` (`drama_id`),
  CONSTRAINT `fk_Drama_has_Screenwriter_Drama1` FOREIGN KEY (`drama_id`) REFERENCES `drama` (`drama_id`),
  CONSTRAINT `fk_Drama_has_Screenwriter_Screenwriter1` FOREIGN KEY (`screenwriter_id`) REFERENCES `screenwriter` (`screenwriter_id`)
) ENGINE=InnoDB DEFAULT CHARSET=utf8mb3;
/*!40101 SET character_set_client = @saved_cs_client */;

--
-- Dumping data for table `drama_screenwriter`
--

LOCK TABLES `drama_screenwriter` WRITE;
/*!40000 ALTER TABLE `drama_screenwriter` DISABLE KEYS */;
INSERT INTO `drama_screenwriter` VALUES (72,1),(73,2),(1,3),(74,4),(75,5),(76,5),(77,6),(78,7),(79,7),(80,8),(81,9),(82,10),(2,11),(3,12),(4,12),(83,12),(5,13),(6,13),(84,14),(85,15),(86,16),(87,17),(88,17),(89,18),(90,18),(91,18),(7,19),(8,19),(92,20),(9,21),(10,22),(11,23),(93,24),(94,25),(95,26),(96,27),(97,28),(98,29),(99,29),(100,30),(101,31),(102,32),(103,32),(104,33),(105,33),(106,34),(107,35),(108,36),(109,37),(12,38),(110,39),(111,39),(112,39),(113,39),(13,40),(14,40),(15,40),(16,40),(17,41),(114,42),(18,43),(115,43),(19,44),(116,45),(117,46),(118,47),(119,47),(120,48),(121,48),(20,49),(122,50),(21,51),(123,52),(124,53),(125,54),(126,54),(127,54),(128,55),(129,56),(130,57),(131,58),(132,58),(133,58),(134,59),(135,59),(136,60),(137,61),(138,62),(139,63),(140,64),(141,65),(142,66),(143,67),(144,68),(145,68),(146,69),(147,70),(22,71),(148,72),(23,73),(24,73),(25,73),(149,74),(150,74),(26,75),(27,76),(28,77),(151,78),(152,78),(153,79),(29,80),(154,81),(155,81),(156,81),(30,82),(157,82),(158,83),(159,84),(160,85),(161,86),(162,87),(163,88),(164,89),(165,90),(166,90),(167,90),(168,90),(169,90),(170,90),(171,91),(172,92),(173,93),(174,94),(175,94),(176,94),(177,94),(178,95),(31,96),(32,96),(179,97),(180,98),(181,99),(182,100),(183,101),(184,102),(185,102),(186,103),(187,104),(188,105),(33,106),(34,106),(189,107),(190,108),(191,109),(35,110),(192,111),(36,112),(194,112),(195,113),(37,114),(196,114),(197,114),(198,115),(199,115),(200,116),(38,117),(201,118),(39,119),(202,120),(203,121),(40,122),(41,123),(42,123),(43,123),(204,123),(205,124),(206,124),(207,124),(208,124),(209,124),(210,124),(211,124),(212,125),(44,126),(213,127),(214,128),(215,128),(216,129),(217,129),(218,129),(45,130),(219,131),(220,132),(221,132),(222,133),(46,134),(47,134),(223,135),(224,136),(225,137),(226,138),(227,139),(228,139),(229,140),(230,141),(48,142),(49,143),(231,144),(232,145),(50,146),(233,147),(234,148),(235,149),(236,150),(237,151),(238,152),(51,153),(239,154),(240,154),(52,155),(241,155),(242,155),(243,155),(244,155),(245,156),(246,156),(53,157),(247,158),(248,158),(249,158),(250,158),(8,159),(54,159),(9,160),(11,161),(22,162),(28,163),(31,163),(36,163),(41,163),(43,164),(48,165),(49,166),(55,167),(50,168),(51,169),(53,169),(58,170),(63,170),(66,170),(56,171),(72,172),(82,172),(84,172),(87,172),(98,173),(99,173),(100,173),(105,174),(108,174),(57,175),(109,176),(58,177),(59,177),(60,177),(61,177),(62,177),(63,177),(111,178),(118,179),(126,180),(133,180),(64,181),(65,182),(138,183),(141,183),(144,183),(66,184),(153,185),(154,186),(157,186),(158,187),(165,188),(168,188),(169,189),(171,190),(175,191),(176,191),(177,192),(67,193),(178,194),(185,195),(188,195),(200,195),(203,195),(204,195),(209,196),(210,197),(214,198),(218,199),(68,200),(230,201),(232,201),(241,201),(243,202),(69,203),(70,204),(249,204),(22,205),(71,206),(28,207),(48,207),(126,207),(138,208),(169,209),(171,210),(178,211),(209,211),(210,212),(126,213);
/*!40000 ALTER TABLE `drama_screenwriter` ENABLE KEYS */;
UNLOCK TABLES;

--
-- Table structure for table `genre`
--

DROP TABLE IF EXISTS `genre`;
/*!40101 SET @saved_cs_client     = @@character_set_client */;
/*!50503 SET character_set_client = utf8mb4 */;
CREATE TABLE `genre` (
  `genre_id` int NOT NULL,
  `genre` varchar(15) DEFAULT NULL,
  PRIMARY KEY (`genre_id`)
) ENGINE=InnoDB DEFAULT CHARSET=utf8mb3;
/*!40101 SET character_set_client = @saved_cs_client */;

--
-- Dumping data for table `genre`
--

LOCK TABLES `genre` WRITE;
/*!40000 ALTER TABLE `genre` DISABLE KEYS */;
INSERT INTO `genre` VALUES (1,'Action'),(2,'Adventure'),(3,'Business'),(4,'Comedy'),(5,'Crime'),(6,'Drama'),(7,'Family'),(8,'Fantasy'),(9,'Food'),(10,'Friendship'),(11,'Historical'),(12,'Horror'),(13,'Law'),(14,'Life'),(15,'Medical'),(16,'Melodrama'),(17,'Military'),(18,'Music'),(19,'Mystery'),(20,'Political'),(21,'Psychological'),(22,'Romance'),(23,'School'),(24,'Sci-Fi'),(25,'Sitcom'),(26,'Sports'),(27,'Supernatural'),(28,'Thriller'),(29,'Youth');
/*!40000 ALTER TABLE `genre` ENABLE KEYS */;
UNLOCK TABLES;

--
-- Table structure for table `original_network`
--

DROP TABLE IF EXISTS `original_network`;
/*!40101 SET @saved_cs_client     = @@character_set_client */;
/*!50503 SET character_set_client = utf8mb4 */;
CREATE TABLE `original_network` (
  `original_network_id` int NOT NULL,
  `original_network` varchar(15) DEFAULT NULL,
  PRIMARY KEY (`original_network_id`)
) ENGINE=InnoDB DEFAULT CHARSET=utf8mb3;
/*!40101 SET character_set_client = @saved_cs_client */;

--
-- Dumping data for table `original_network`
--

LOCK TABLES `original_network` WRITE;
/*!40000 ALTER TABLE `original_network` DISABLE KEYS */;
INSERT INTO `original_network` VALUES (1,'Apple TV+'),(2,'Channel A'),(3,'Daum Kakao TV'),(4,'Disney+'),(5,'ENA'),(6,'Hulu'),(7,'iQiyi'),(8,'jTBC'),(9,'KBS2'),(10,'MBC'),(11,'MBN'),(12,'Naver TV Cast'),(13,'Netflix'),(14,'OCN'),(15,'Olleh TV'),(16,'SBS'),(17,'TV Chosun'),(18,'tvN'),(19,'Viki'),(20,'ViuTV'),(21,'vLive'),(22,'Wavve'),(23,'YouTube');
/*!40000 ALTER TABLE `original_network` ENABLE KEYS */;
UNLOCK TABLES;

--
-- Table structure for table `production_company`
--

DROP TABLE IF EXISTS `production_company`;
/*!40101 SET @saved_cs_client     = @@character_set_client */;
/*!50503 SET character_set_client = utf8mb4 */;
CREATE TABLE `production_company` (
  `production_company_id` int NOT NULL,
  `production_company` varchar(40) DEFAULT NULL,
  PRIMARY KEY (`production_company_id`)
) ENGINE=InnoDB DEFAULT CHARSET=utf8mb3;
/*!40101 SET character_set_client = @saved_cs_client */;

--
-- Dumping data for table `production_company`
--

LOCK TABLES `production_company` WRITE;
/*!40000 ALTER TABLE `production_company` DISABLE KEYS */;
INSERT INTO `production_company` VALUES (1,'3Mana Creative'),(2,'A Han.Bok Dream Production'),(3,'A-Man Project'),(4,'A&E Networks Korea'),(5,'Ace Factory'),(6,'ANDu Entertainment'),(7,'Apollo Pictures'),(8,'Arc Media'),(9,'AStory'),(10,'Ateod Co. Ltd.'),(11,'BaramiBunda inc.'),(12,'Barunson Inc.'),(13,'BBC Studios'),(14,'BH Entertainment'),(15,'Blitzway Studios'),(16,'Blossom Story'),(17,'Blue Marble Pictures'),(18,'Bon Factory Worldwide'),(19,'Bridal Mask SPC'),(20,'C-JeS Entertainment'),(21,'Celltrion Entertainment'),(22,'Chorokbaem Media'),(23,'CJ ENM'),(24,'Climax Studio'),(25,'Climax Studios'),(26,'CMG Chorok Stars'),(27,'Company Ching'),(28,'Confession Couple S.P.C.'),(29,'Content K'),(30,'Contents Zium'),(31,'Copus Korea'),(32,'Crave Works'),(33,'Culture Depot'),(34,'Curo Holdings'),(35,'Descendants of the Sun SPC'),(36,'DK E&M'),(37,'doFRAME'),(38,'Doremi Entertainment'),(39,'Drama House'),(40,'DRM Media'),(41,'Egg Is Coming'),(42,'Eight Works'),(43,'Fantagio'),(44,'Film Monster'),(45,'Fuji Television'),(46,'Gallery 9'),(47,'Gill Pictures'),(48,'Gold Medalist'),(49,'Gonggamdong House'),(50,'Group 8'),(51,'GT Entertainment'),(52,'GTist'),(53,'HB Entertainment'),(54,'Hidden Sequence'),(55,'High Quality'),(56,'HIGROUND'),(57,'Hong Gil-dong SPC'),(58,'HOW Pictures'),(59,'Huace Media'),(60,'Human Nature'),(61,'Hunus Entertainment'),(62,'Hwa&Dam Pictures'),(63,'iHQ'),(64,'Imagine Asia'),(65,'IOK Media'),(66,'iWill Media'),(67,'Jidam Inc.'),(68,'JS Pictures'),(69,'JTBC Studios'),(70,'Kakao Entertainment'),(71,'KBS'),(72,'KBS Media'),(73,'KBS N'),(74,'KeyEast'),(75,'Kim Jong-hak Production'),(76,'KPJ'),(77,'Kross Pictures'),(78,'KT Studio Genie'),(79,'KT&G Sangsangmadang'),(80,'Lezhin Studio'),(81,'Ling-aling'),(82,'Locus Corporation'),(83,'Logos Film'),(84,'Ltd.'),(85,'Lydus Contents Company'),(86,'May Queen Pictures'),(87,'Mays Entertainment'),(88,'MBC'),(89,'Media Res'),(90,'Mega Monster'),(91,'Merrycow Creative'),(92,'MI Inc.'),(93,'Mink Entertainment'),(94,'Mong-jak-so Company'),(95,'Monster Union'),(96,'My Country SPC'),(97,'Nangman Crew'),(98,'Nano Chem Tech'),(99,'NBCUniversal International Television'),(100,'Neo Entertainment'),(101,'Next Entertainment World'),(102,'NK Mulsan'),(103,'NPIO Entertainment'),(104,'Number Three Pictures'),(105,'OH Story'),(106,'OH!BROTHERS Production'),(107,'Olive9'),(108,'ONDA Entertainment'),(109,'Page One Film'),(110,'Pan Entertainment'),(111,'PlayList Global'),(112,'Production H'),(113,'Production KEZR'),(114,'Raemongraein'),(115,'RaemongRaein Co.'),(116,'Red Nine Pictures'),(117,'S-PEACE'),(118,'S.M. Culture & Contents'),(119,'Samhwa Networks'),(120,'SBS'),(121,'Secret Love SPC'),(122,'Shinyoung E&C Group'),(123,'Shotcake'),(124,'Show Runners'),(125,'Showbox'),(126,'SidusHQ'),(127,'Signal Entertainment Group'),(128,'Siren Pictures Inc.'),(129,'SLL'),(130,'Sony Pictures Television'),(131,'SSD'),(132,'Story & Pictures Media'),(133,'Story Hunter Production'),(134,'Story TV'),(135,'Story Vine Pictures'),(136,'Studio 329'),(137,'Studio 605'),(138,'Studio Dadashow'),(139,'Studio Dragon'),(140,'Studio Invictus'),(141,'Studio M'),(142,'Studio N'),(143,'Studio Phoenix'),(144,'Studio S'),(145,'Studio Santa Claus Entertainment'),(146,'Studio&NEW'),(147,'Super Moon Pictures'),(148,'Take 2 Media Group'),(149,'The Great Show'),(150,'The Sound of Your Heart SPC'),(151,'The Story Works'),(152,'The Story Works (SBS)'),(153,'The Tale of Nokdu Production Partners'),(154,'The Unicorn'),(155,'The Walt Disney Company (Korea)'),(156,'Time Box Production'),(157,'tvN'),(158,'Urban Works Media'),(159,'Victory Contents'),(160,'WeMad'),(161,'WHYNOT MEDIA'),(162,'Woo Sang Film'),(163,'Xanadu Entertainment'),(164,'YG Entertainment'),(165,'Yong Film'),(166,'Zium Content'),(167,'ZIUM Content Co. Ltd.');
/*!40000 ALTER TABLE `production_company` ENABLE KEYS */;
UNLOCK TABLES;

--
-- Table structure for table `screenwriter`
--

DROP TABLE IF EXISTS `screenwriter`;
/*!40101 SET @saved_cs_client     = @@character_set_client */;
/*!50503 SET character_set_client = utf8mb4 */;
CREATE TABLE `screenwriter` (
  `screenwriter_id` int NOT NULL,
  `first_name` varchar(15) DEFAULT NULL,
  `last_name` varchar(10) DEFAULT NULL,
  PRIMARY KEY (`screenwriter_id`)
) ENGINE=InnoDB DEFAULT CHARSET=utf8mb3;
/*!40101 SET character_set_client = @saved_cs_client */;

--
-- Dumping data for table `screenwriter`
--

LOCK TABLES `screenwriter` WRITE;
/*!40000 ALTER TABLE `screenwriter` DISABLE KEYS */;
INSERT INTO `screenwriter` VALUES (1,'Kyung','Ah'),(2,'Do-Ha','Ahn'),(3,'Eun-Bin','Ahn'),(4,'Sae-Bom','Ahn'),(5,'Mi-Kyung','Baek'),(6,'So-Yeon','Baek'),(7,'Sun-Woo','Baek'),(8,'Ki-Ri','Ban'),(9,'Seung-Dae','Chae'),(10,'Kwang-Jin','Cho'),(11,'Ah-Il','Choi'),(12,'Bo-Rim','Choi'),(13,'Chang-Hwan','Choi'),(14,'Ho-Chul','Choi'),(15,'Jin-Won','Choi'),(16,'Jin-Young','Choi'),(17,'Ran','Choi'),(18,'Soo-Jin','Choi'),(19,'Sung-Joon','Choi'),(20,'Wan-Kyu','Choi'),(21,'Yeon-Seo','Choi'),(22,'Yi-Ryun','Choi'),(23,'Yo-Ji','Choi'),(24,'Yoon-Kyo','Choi'),(25,'Young-Woo','Choi'),(26,'Sung-Il','Chun'),(27,'Hyun-Jung','Do'),(28,'Soo-Jin','Ha'),(29,'Yoon-Ah','Ha'),(30,'Ga-Ram','Han'),(31,'Hee-Jung','Han'),(32,'Jung-Hoon','Han'),(33,'Sang-Woon','Han'),(34,'Song-yi','Han'),(35,'Sul-Hee','Han'),(36,'Woo-Ri','Han'),(37,'Sung-Hye','Heo'),(38,'Bo-Hee','Hong'),(39,'Jung-Eun','Hong'),(40,'Mi-Ran','Hong'),(41,'Da-Eun','Hwang'),(42,'Dong-Hyuk','Hwang'),(43,'Eun-Kyung','Hwang'),(44,'Ha-Na','Hwang'),(45,'Jin-Young','Hwang'),(46,'Hee-Chul','Im'),(47,'Me-Ah','Im'),(48,'Sang-Choon','Im'),(49,'Ye-Jin','Im'),(50,'Ji-Hye','In'),(51,'Nyoong','J'),(52,'Hong-Chul','Jang'),(53,'Hyun-Joo','Jang'),(54,'Young-Chul','Jang'),(55,'In','Je'),(56,'Nyoong','Ji'),(57,'Han-Sae','Jin'),(58,'Soo-Wan','Jin'),(59,'Jung-Joo','Jo'),(60,'Soo-Jin','Jo'),(61,'Sung-Hee','Jo'),(62,'Won-Gi','Jo'),(63,'Yong','Jo'),(64,'Yoon-Young','Jo'),(65,'Young-Soo','Jo'),(66,'Hyun','Joo'),(67,'Hee-Han','Jun'),(68,'Bo-Hoon','Jung'),(69,'Hae-Ri','Jung'),(70,'Hyun-Jung','Jung'),(71,'Hyung-Soo','Jung'),(72,'Ji-Woo','Jung'),(73,'Kyung-Soon','Jung'),(74,'Seo-Kyung','Jung'),(75,'So-Young','Jung'),(76,'Won-Jung','Jung'),(77,'Yeon-Seo','Jung'),(78,'Yi-Do','Jung'),(79,'Yoon-Jung','Jung'),(80,'Yoon-Sun','Jung'),(81,'Eun-Kyung','Kang'),(82,'Eun-Seon','Kang'),(83,'Go-eun','Kang'),(84,'Ba-Da','Kim'),(85,'Ban-Di','Kim'),(86,'Bo-Gyeom','Kim'),(87,'Bo-Tong','Kim'),(88,'Do-Yeon','Kim'),(89,'Eun','Kim'),(90,'Eun-Hee','Kim'),(91,'Eun-Hyang','Kim'),(92,'Eun-Ji','Kim'),(93,'Eun-Jung','Kim'),(94,'Eun-Sook','Kim'),(95,'Ho-Soo','Kim'),(96,'Hwan-Chae','Kim'),(97,'Hye-Young','Kim'),(98,'Hyung-Min','Kim'),(99,'Ji-Eun','Kim'),(100,'Ji-Hye','Kim'),(101,'Ji-Soo','Kim'),(102,'Ji-Woo','Kim'),(103,'Ji-Woon','Kim'),(104,'Jin-Hee','Kim'),(105,'Ki-Ho','Kim'),(106,'Kyung-Ran','Kim'),(107,'Min-Jung','Kim'),(108,'Min-Sook','Kim'),(109,'Na-Neui','Kim'),(110,'Ran-Joo','Kim'),(111,'Roo-Ri','Kim'),(112,'Sae-Bom','Kim'),(113,'Soo-Eun','Kim'),(114,'Soo-Jin','Kim'),(115,'Soon-Ok','Kim'),(116,'Sun-Mi','Kim'),(117,'Sung-Deok','Kim'),(118,'Tae-Hee','Kim'),(119,'Won-Seok','Kim'),(120,'Yi-Ji','Kim'),(121,'Yi-Young','Kim'),(122,'Yool','Kim'),(123,'Yoon-Joo','Kim'),(124,'Young-Hyun','Kim'),(125,'Young-Young','Kim'),(126,'Yu-Jin','Kim'),(127,'Jae-Min','Kwak'),(128,'Do-Eun','Kwon'),(129,'Hye-Joo','Kwon'),(130,'Il-Yong','Kwon'),(131,'Ki-Kyung','Kwon'),(132,'Ki-Young','Kwon'),(133,'Min-Soo','Kwon'),(134,'So-Ra','Kwon'),(135,'Soon-Gyu','Kwon'),(136,'Ah-Ram','Lee'),(137,'Byung-Hun','Lee'),(138,'Dae-I-I','Lee'),(139,'Eun-Mi','Lee'),(140,'Ha-Na','Lee'),(141,'Ji-Eum','Lee'),(142,'Ji-Hyun','Lee'),(143,'Jung-Ah','Lee'),(144,'Jung-Sun','Lee'),(145,'Kang','Lee'),(146,'Myung-Sook','Lee'),(147,'Na-Eun','Lee'),(148,'Seo-Yoon','Lee'),(149,'Seul','Lee'),(150,'Shi-Eun','Lee'),(151,'Shin-Hwa','Lee'),(152,'Soo-Hyun','Lee'),(153,'Soo-Kyung','Lee'),(154,'Soo-Yeon','Lee'),(155,'Woo-Jung','Lee'),(156,'Yoo-Jin','Lee'),(157,'Young-Hwa','Lee'),(158,'Jin-Won','Ma'),(159,'Ji-Eun','Min'),(160,'Ji-Hyung','Min'),(161,'Ji-Won','Moon'),(162,'Yoo-Seok','Moon'),(163,'Hee-Kyung','Noh'),(164,'Ji-Sul','Noh'),(165,'Ji-Young','Oh'),(166,'Sang-Ho','Oh'),(167,'Eun-Mi','Park'),(168,'Ga-Yun','Park'),(169,'Hae-Young','Park'),(170,'Hye-Ryun','Park'),(171,'Ja-Kyung','Park'),(172,'Jae-Bum','Park'),(173,'Ji-Eun','Park'),(174,'Kye-Ok','Park'),(175,'Min-Kyung','Park'),(176,'Ran','Park'),(177,'Sang-Yeon','Park'),(178,'Seok-Ho','Park'),(179,'Shi-Hyun','Park'),(180,'Yeon-Sun','Park'),(181,'Yoon-Sung','Park'),(182,'Moon-Sang','Ryu'),(183,'Yong-Jae','Ryu'),(184,'Han-na','Seo'),(185,'In','Seo'),(186,'Jae-Won','Seo'),(187,'Yi-Na','Seol'),(188,'Ha-Eun','Shin'),(189,'Jae-Hyung','Shin'),(190,'Yoo-Dam','Shin'),(191,'Hyun-Kyung','So'),(192,'Eun-Hye','Son'),(193,'Ha-Young','Song'),(194,'Hye-Jin','Song'),(195,'Jae-Jung','Song'),(196,'Ji-Na','Song'),(197,'Hugh','Soo'),(198,'Jae-Young','Tak'),(199,'So-Young','Wi'),(200,'Young-Shil','Won'),(201,'Hee-Seung','Yang'),(202,'Jin-Ah','Yang'),(203,'Ji-Na','Yeo'),(204,'Bo-Ra','Yoo'),(205,'Hee-Kyung','Yoo'),(206,'Hye-Mi','Yoo'),(207,'Hyun-Mi','Yoo'),(208,'Jung-Hee','Yoo'),(209,'Seon-Dong','Yoo'),(210,'Sung-Yeol','Yoo'),(211,'Hyun-Ho','Yoon'),(212,'Ji-Ryun','Yoon'),(213,'Nan-Joong','Yoon');
/*!40000 ALTER TABLE `screenwriter` ENABLE KEYS */;
UNLOCK TABLES;
/*!40103 SET TIME_ZONE=@OLD_TIME_ZONE */;

/*!40101 SET SQL_MODE=@OLD_SQL_MODE */;
/*!40014 SET FOREIGN_KEY_CHECKS=@OLD_FOREIGN_KEY_CHECKS */;
/*!40014 SET UNIQUE_CHECKS=@OLD_UNIQUE_CHECKS */;
/*!40101 SET CHARACTER_SET_CLIENT=@OLD_CHARACTER_SET_CLIENT */;
/*!40101 SET CHARACTER_SET_RESULTS=@OLD_CHARACTER_SET_RESULTS */;
/*!40101 SET COLLATION_CONNECTION=@OLD_COLLATION_CONNECTION */;
/*!40111 SET SQL_NOTES=@OLD_SQL_NOTES */;

-- Dump completed on 2025-12-23 18:30:46
